file,path
thm2_V10_n3_r7_a1p0_b0p8_descPrevRDirect_seed1_exact_20260309_053432_final_generated_from_n_r_full.csv,thm2_V10_n3_r7_a1p0_b0p8_descPrevRDirect_seed1_exact_20260309_053432/thm2_V10_n3_r7_a1p0_b0p8_descPrevRDirect_seed1_exact_20260309_053432_final_generated_from_n_r_full.csv
thm2_V10_n3_r7_a1p0_b0p8_descPrevRDirect_seed1_exact_20260309_053432_final_induced_n_full.csv,thm2_V10_n3_r7_a1p0_b0p8_descPrevRDirect_seed1_exact_20260309_053432/thm2_V10_n3_r7_a1p0_b0p8_descPrevRDirect_seed1_exact_20260309_053432_final_induced_n_full.csv
thm2_V10_n3_r7_a1p0_b0p8_descPrevRDirect_seed1_exact_20260309_053432_final_prefix_conditional_full.csv,thm2_V10_n3_r7_a1p0_b0p8_descPrevRDirect_seed1_exact_20260309_053432/thm2_V10_n3_r7_a1p0_b0p8_descPrevRDirect_seed1_exact_20260309_053432_final_prefix_conditional_full.csv
thm2_V10_n3_r7_a1p0_b0p8_descPrevRDirect_seed1_exact_20260309_053432_final_prefix_conditional_top.csv,thm2_V10_n3_r7_a1p0_b0p8_descPrevRDirect_seed1_exact_20260309_053432/thm2_V10_n3_r7_a1p0_b0p8_descPrevRDirect_seed1_exact_20260309_053432_final_prefix_conditional_top.csv
thm2_V10_n3_r7_a1p0_b0p8_descPrevRDirect_seed1_exact_20260309_053432_final_public_r_full.csv,thm2_V10_n3_r7_a1p0_b0p8_descPrevRDirect_seed1_exact_20260309_053432/thm2_V10_n3_r7_a1p0_b0p8_descPrevRDirect_seed1_exact_20260309_053432_final_public_r_full.csv
thm2_V10_n3_r7_a1p0_b0p8_descPrevRDirect_seed1_exact_20260309_053432_final_rgram_mismatch_full.csv,thm2_V10_n3_r7_a1p0_b0p8_descPrevRDirect_seed1_exact_20260309_053432/thm2_V10_n3_r7_a1p0_b0p8_descPrevRDirect_seed1_exact_20260309_053432_final_rgram_mismatch_full.csv
thm2_V10_n3_r7_a1p0_b0p8_descPrevRDirect_seed1_exact_20260309_053432_final_rgram_mismatch_top.csv,thm2_V10_n3_r7_a1p0_b0p8_descPrevRDirect_seed1_exact_20260309_053432/thm2_V10_n3_r7_a1p0_b0p8_descPrevRDirect_seed1_exact_20260309_053432_final_rgram_mismatch_top.csv
thm2_V10_n3_r7_a1p0_b0p8_descPrevRDirect_seed1_exact_20260309_053432_history.csv,thm2_V10_n3_r7_a1p0_b0p8_descPrevRDirect_seed1_exact_20260309_053432/thm2_V10_n3_r7_a1p0_b0p8_descPrevRDirect_seed1_exact_20260309_053432_history.csv
thm2_V10_n3_r7_a1p0_b0p8_descPrevRDirect_seed1_exact_20260309_053432_plot_entropies.png,thm2_V10_n3_r7_a1p0_b0p8_descPrevRDirect_seed1_exact_20260309_053432/thm2_V10_n3_r7_a1p0_b0p8_descPrevRDirect_seed1_exact_20260309_053432_plot_entropies.png
thm2_V10_n3_r7_a1p0_b0p8_descPrevRDirect_seed1_exact_20260309_053432_plot_max_rgram_abs_diff.png,thm2_V10_n3_r7_a1p0_b0p8_descPrevRDirect_seed1_exact_20260309_053432/thm2_V10_n3_r7_a1p0_b0p8_descPrevRDirect_seed1_exact_20260309_053432_plot_max_rgram_abs_diff.png
thm2_V10_n3_r7_a1p0_b0p8_descPrevRDirect_seed1_exact_20260309_053432_plot_strong_gap_and_step.png,thm2_V10_n3_r7_a1p0_b0p8_descPrevRDirect_seed1_exact_20260309_053432/thm2_V10_n3_r7_a1p0_b0p8_descPrevRDirect_seed1_exact_20260309_053432_plot_strong_gap_and_step.png
thm2_V10_n3_r7_a1p0_b0p8_descPrevRDirect_seed1_exact_20260309_053432_plot_strong_kl_gap.png,thm2_V10_n3_r7_a1p0_b0p8_descPrevRDirect_seed1_exact_20260309_053432/thm2_V10_n3_r7_a1p0_b0p8_descPrevRDirect_seed1_exact_20260309_053432_plot_strong_kl_gap.png
thm2_V10_n3_r7_a1p0_b0p8_descPrevRDirect_seed1_exact_20260309_053432_plot_support_sizes.png,thm2_V10_n3_r7_a1p0_b0p8_descPrevRDirect_seed1_exact_20260309_053432/thm2_V10_n3_r7_a1p0_b0p8_descPrevRDirect_seed1_exact_20260309_053432_plot_support_sizes.png
thm2_V10_n3_r7_a1p0_b0p8_descPrevRDirect_seed1_exact_20260309_053432_plot_top_prefix_contributors.png,thm2_V10_n3_r7_a1p0_b0p8_descPrevRDirect_seed1_exact_20260309_053432/thm2_V10_n3_r7_a1p0_b0p8_descPrevRDirect_seed1_exact_20260309_053432_plot_top_prefix_contributors.png
thm2_V10_n3_r7_a1p0_b0p8_descPrevRDirect_seed1_exact_20260309_053432_plot_top_prefix_suffix_l1.png,thm2_V10_n3_r7_a1p0_b0p8_descPrevRDirect_seed1_exact_20260309_053432/thm2_V10_n3_r7_a1p0_b0p8_descPrevRDirect_seed1_exact_20260309_053432_plot_top_prefix_suffix_l1.png
thm2_V10_n3_r7_a1p0_b0p8_descPrevRDirect_seed1_exact_20260309_053432_plot_top_rgram_abs_diff.png,thm2_V10_n3_r7_a1p0_b0p8_descPrevRDirect_seed1_exact_20260309_053432/thm2_V10_n3_r7_a1p0_b0p8_descPrevRDirect_seed1_exact_20260309_053432_plot_top_rgram_abs_diff.png
thm2_V10_n3_r7_a1p0_b0p8_descPrevRDirect_seed1_exact_20260309_053432_plot_top_rgram_mismatches.png,thm2_V10_n3_r7_a1p0_b0p8_descPrevRDirect_seed1_exact_20260309_053432/thm2_V10_n3_r7_a1p0_b0p8_descPrevRDirect_seed1_exact_20260309_053432_plot_top_rgram_mismatches.png
thm2_V10_n3_r7_a1p0_b0p8_descPrevRDirect_seed1_exact_20260309_053432_seed_q_full.csv,thm2_V10_n3_r7_a1p0_b0p8_descPrevRDirect_seed1_exact_20260309_053432/thm2_V10_n3_r7_a1p0_b0p8_descPrevRDirect_seed1_exact_20260309_053432_seed_q_full.csv
thm2_V10_n3_r7_a1p0_b0p8_descPrevRDirect_seed1_exact_20260309_053432_summary.json,thm2_V10_n3_r7_a1p0_b0p8_descPrevRDirect_seed1_exact_20260309_053432/thm2_V10_n3_r7_a1p0_b0p8_descPrevRDirect_seed1_exact_20260309_053432_summary.json
thm2_V10_n3_r7_a1p0_b0p8_descPrevRDirect_seed1_exact_20260309_053432_summary.txt,thm2_V10_n3_r7_a1p0_b0p8_descPrevRDirect_seed1_exact_20260309_053432/thm2_V10_n3_r7_a1p0_b0p8_descPrevRDirect_seed1_exact_20260309_053432_summary.txt
