gram,generated_from_n_prob
4134004,0.012087750808630162
3400413,0.009887668489525846
1340041,0.009637093878769598
2134004,0.00804147602964545
2142214,0.00737763783108868
2214221,0.007251583577804723
2322142,0.007237636175089127
1422142,0.005886131229714461
2142142,0.005614693493741709
4004134,0.00556635888508927
1340042,0.005290961224726394
2214232,0.005255441252414568
4004413,0.004795726734910738
4004132,0.004583592564033631
4134221,0.004475047693257798
2142213,0.004340839684774885
2141342,0.004274167811777733
0413400,0.004232764676845003
1322142,0.00415328041681537
3221422,0.004087185237251539
3400441,0.004038467720064527
2213400,0.00402090948929513
2142232,0.003964286413048073
1340044,0.0038539009966018236
4221422,0.003808100874649227
1342214,0.0037911625698588535
2323221,0.0037525313235327483
2214134,0.0037360735507659996
2142322,0.0037068223290004504
2214214,0.003688976234493003
3221413,0.003562767675221168
1413400,0.003352248906528282
4221413,0.003319492000637882
4132214,0.0032770328430523233
4134232,0.003243201984964146
3214221,0.003209786763646517
3221421,0.0032097867636465137
2141340,0.0031976606348615437
0041342,0.0031844729855869084
2214132,0.003076452542764699
3232214,0.0030566364625802932
1423221,0.0030518101876896055
3422142,0.0030234110166562737
4221421,0.002990613606321251
4214221,0.0029906136063212506
2134221,0.002977062426796572
2142321,0.00291107658600176
1342142,0.0028852345834876124
4232214,0.002847920833278436
2323232,0.0027195725881217904
2232214,0.0026046227422313133
2322134,0.002597261517839918
2320413,0.002574873176479282
2321422,0.0025525711608946036
4413400,0.0024953822575804704
4132142,0.00249396018128321
2041342,0.002473175282354146
0041340,0.002382420241136007
3221342,0.002378958254008596
3232142,0.0023262292419484014
3214232,0.002326229241948401
3221423,0.0023262292419483984
4134214,0.0022765157998286953
2322141,0.002272528273337291
3223221,0.00226628827915335
2142212,0.002264251367741987
2122142,0.002264251367741985
0441342,0.002262547925737037
0413221,0.002255726384133919
1342213,0.002230636595541313
0044134,0.0022262162872260533
2321413,0.0022250564857815326
4221342,0.0022165163754447655
1423232,0.002211738854394945
2132214,0.0021800731561203057
2214213,0.0021705124053935376
2141322,0.002169915413742089
4232142,0.0021673878468144226
4214232,0.002167387846814422
4221423,0.002167387846814422
2142413,0.0021656529369743676
2134232,0.002157566898447937
1323221,0.0021533708634259865
2213221,0.0021428244458839307
2322132,0.0021387030239662366
2214204,0.0021308019034767013
1422134,0.0021122672875588232
4223221,0.002111539819480913
2142323,0.0021097449701659903
1420413,0.0020940595865807134
1421422,0.0020759220915142484
2142041,0.002040109145483713
1342232,0.002037136358471812
2142134,0.0020148605142592604
2413400,0.002006306813774046
2321421,0.002004609199218704
0413422,0.00199537457135143
2232142,0.00198222774000006
2214223,0.0019822277400000595
3400422,0.0019553826215417403
4132213,0.0019281339825992885
3204134,0.0019136986255533658
2323214,0.0019089621905583277
1342322,0.0019048327376012942
2213422,0.0018955035682790373
4004221,0.001862471686117964
2041340,0.0018502725189461257
1422141,0.001848172430404736
0044132,0.0018331675392676819
1421413,0.0018095651884126507
2322322,0.0018022574487372922
3232213,0.0017984576042465498
1413221,0.0017864816218123116
4204134,0.0017830259669574858
3213400,0.0017797853280024259
3221340,0.0017797853280024237
4131221,0.0017667502651773442
2142141,0.001762944337346971
4132232,0.001760874831789838
1422132,0.001739336760775682
2044134,0.0017289589579378873
4004004,0.001713475376768279
2141321,0.001704098387756353
0441340,0.0016926945209499865
2141312,0.0016874428235140082
4232213,0.0016756539227363977
2132142,0.0016591276023295099
2142132,0.0016591276023295097
4221340,0.0016582566413876432
4213400,0.0016582566413876432
3214134,0.001653707676756709
3204413,0.0016487574464004446
4132322,0.0016465132598819459
3232232,0.0016424474439735793
3223232,0.0016424474439735793
0413232,0.0016347929202142882
3214214,0.001632860872640841
1421421,0.0016302826676347537
0041322,0.0016166976404223736
1413422,0.0015802891810921505
3204132,0.0015758263114123863
3423221,0.001567562152815306
0413421,0.001567026331291891
1323232,0.0015606127883618067
2213232,0.001552969481597012
1423214,0.0015524961043031594
4214134,0.001540787922425105
4204413,0.001536175707549793
3232322,0.0015357772434131023
3400421,0.001535619477014379
2232213,0.001532502682051074
4223232,0.001530296569618444
4232232,0.0015302965696184425
4214214,0.0015213645960087418
2134214,0.0015144709322069626
1312214,0.0014967521990257124
1342321,0.0014959211665739613
1322134,0.0014904252076832058
2213421,0.0014885946955509495
2212214,0.0014876625934841653
2321342,0.001485731592688468
1320413,0.001477577772762651
4204132,0.0014682245130685887
1422322,0.0014657166506255683
1321422,0.001464779875446099
2321423,0.001452800725180776
4130142,0.0014526543913431125
4232322,0.0014309101066925488
0400413,0.001427104933589873
2044132,0.0014237032837303915
2322321,0.0014153657756726438
3400400,0.0014127710942196114
2232232,0.001399563218545784
3214132,0.0013617379631363491
4004232,0.001349789384023293
1340040,0.0013482043946846784
4134213,0.0013394517802529761
1221422,0.0013386489227069976
4413221,0.0013298399572545033
4134204,0.001314945906729714
2232322,0.0013086673486248789
1322141,0.0013040787000038433
2324134,0.0012957785688167455
1413232,0.0012947170933380007
3221221,0.0012944186673498
4132321,0.0012930552840055422
2132213,0.0012827070518319275
0422142,0.0012812056438755274
4131232,0.0012804171842887692
1321413,0.0012768372580693672
0041321,0.0012696402012197148
4214132,0.0012687547119713384
0041312,0.001257230956490647
4004131,0.0012571102804123033
2041322,0.0012555850407366456
1413421,0.0012410475673997941
2141323,0.0012350114797820592
1322132,0.0012272837666799958
4134223,0.0012232588344633375
1421342,0.0012082965923040881
3221322,0.0012077528097510888
3232321,0.0012060910337236897
4221221,0.001206032164720725
3122142,0.0011936436394779349
3241342,0.0011868666672495004
1421423,0.0011815150018829274
4413422,0.001176352262108033
2131221,0.0011753452013297573
2123221,0.001173957073311859
2132232,0.0011714365207573818
1221413,0.0011668898847112894
1342212,0.0011635357048786464
3223214,0.0011528907462220379
1422321,0.0011510703898504804
1321421,0.0011503347127531534
0441322,0.00114865345362867
0413214,0.0011475177708850169
1312142,0.0011390915393271839
3423232,0.0011360595537841572
0413423,0.0011356712277712415
2214212,0.0011321739662145888
2212142,0.0011321739662145888
4221322,0.001125284092645134
4232321,0.0011237357873014617
2323213,0.001123191328068701
2142042,0.0011200615578461244
2324413,0.0011163850648661837
3400423,0.0011129097335668848
1342413,0.0011128687178658322
2321340,0.0011115299251514543
2214241,0.0011059758372454322
4241342,0.0011058241139773107
2323204,0.0011026420369080465
1323214,0.0010954481671481971
2132322,0.0010953565408033522
2213214,0.0010900830654081077
3422134,0.0010849659883709068
1342323,0.001084139171095771
2213423,0.001078829456653976
3420413,0.0010756136036589757
4223214,0.0010741681632260576
2441342,0.0010724350788336489
2413221,0.0010692017062170114
2324132,0.0010670028891907
3421422,0.0010662972802101087
1424134,0.001053814051465915
2320441,0.001051667763486096
1214221,0.0010512803662806325
1221421,0.0010512803662806314
1342041,0.0010483552605676306
1342134,0.0010353806923074549
1322322,0.0010342161980542008
2322122,0.0010293817015579777
2232321,0.0010277349544492896
2322323,0.001025758250583051
2323223,0.0010257582505830507
3221424,0.0010225630879429689
4132212,0.0010057455064748956
1232214,0.0010011200545663498
2041321,0.0009860478570085983
2041312,0.0009764103950249295
2130142,0.0009663903278850466
4413232,0.0009637751113916422
2103400,0.0009629745761244114
1034004,0.0009628491572067752
4132413,0.0009619496054973038
3214213,0.0009607393908396252
4221424,0.0009527396395173424
3422141,0.0009493136779821922
3221321,0.0009484837993549826
3213221,0.0009484837993549826
0042214,0.0009475548695167956
4004214,0.0009474639178860885
2413422,0.0009457964012111881
3214204,0.0009431622310285528
3221420,0.0009431622310285519
3221312,0.0009392134820033069
3221232,0.0009381042346539481
3232212,0.0009381042346539478
4132323,0.0009371161496386682
3421413,0.0009294830700317051
2142324,0.0009274010026879968
4413421,0.0009238240258567515
0041323,0.0009201465331844106
1423213,0.000913454530340249
1413214,0.0009088067696544738
1424413,0.0009079192205478215
4132041,0.0009061849912162202
1342141,0.0009059279863712407
1421340,0.0009039706952547355
0441321,0.0009020713369853213
1413423,0.0008994245893937712
4131214,0.0008987691682230444
3232413,0.0008972538208036629
1423204,0.0008967424683460945
4214213,0.0008951374362045282
4132134,0.0008949699389652151
3422132,0.0008934102416298895
0441312,0.0008932546470498779
2134213,0.0008910813561841509
3241340,0.0008879381876947232
2142441,0.0008845279843371173
4221321,0.0008837186905536973
4213221,0.0008837186905536962
1312213,0.0008806560436494261
4221420,0.0008787604936964354
4214204,0.0008787604936964354
3214223,0.0008773984736050264
2212213,0.0008753079198519374
4221312,0.0008750813762246478
2134204,0.0008747786214866304
3232323,0.0008740905355072356
4221232,0.0008740478713659014
4232212,0.0008740478713659002
1424132,0.0008677583227901873
2132321,0.0008602157039763888
2142320,0.0008553893731025335
1420441,0.0008552867699049866
1301422,0.0008531888096637425
1321342,0.000852579458165557
1342132,0.0008525794581655568
2131232,0.0008518081037915686
2123232,0.0008508020855652565
3232041,0.0008452396477706818
2214131,0.0008437573943759672
3213422,0.0008390115343259491
3421421,0.0008373946120514546
1422122,0.0008371622494221893
4232413,0.0008359868372597824
3232134,0.0008347788622729583
1422323,0.0008342154160325442
1423223,0.0008342154160325432
1321423,0.0008336822486596159
3244134,0.0008297203076789719
4241340,0.0008273073014592658
0040041,0.0008203863165560172
4214223,0.000817487268327977
2142044,0.0008158453957034603
4232323,0.0008144052054332811
2134223,0.0008137830396342949
2122134,0.0008125377957507294
1322321,0.0008122003947869758
2321221,0.0008084037225145667
2322121,0.0008084037225145666
2120413,0.0008055337365080479
1312232,0.0008042620879672369
2441340,0.000802327748007786
2232212,0.0007993778959570952
2212232,0.0007993778959570952
2121422,0.0007985566837701922
2142122,0.0007985566837701915
3423214,0.000797439547621812
0413122,0.0007877745210122799
4232041,0.0007875243364619842
2141301,0.000785482960477954
4132141,0.0007830726617691167
4213422,0.0007817214959055696
1221342,0.0007791645641280088
4232134,0.0007777778424591367
2413232,0.0007748827126813604
4244134,0.0007730647000259895
2232413,0.0007645684188581422
1232142,0.0007618945773051829
1214232,0.0007618945773051824
1221423,0.0007618945773051817
2321322,0.0007542782655315034
3422322,0.0007528652855082285
1312322,0.0007520285759961635
2213122,0.000748345416954346
2212322,0.0007474615921519264
2232323,0.0007448305074622489
1301413,0.0007437180689110356
1324134,0.0007435758891720422
2413421,0.0007427617280575302
1223221,0.0007422625076499368
4132132,0.0007369588705936994
2042214,0.0007359049024971832
3232141,0.0007304072206318959
0042142,0.0007211292127163346
2232041,0.0007202460731495222
2041323,0.0007146186110905658
2232134,0.0007113322228626044
2122141,0.0007109469344212965
3014221,0.0007021227957886791
4134212,0.0006986794596676112
2121413,0.0006960956684413562
3232132,0.00068739480596128
3213232,0.0006873948059612799
3221323,0.0006873948059612791
3244132,0.0006832293624998704
4134241,0.0006825122493813048
4232141,0.000680532986464017
3223213,0.0006783355347590792
4413214,0.0006765071305261271
2400413,0.0006764397671089257
0413213,0.0006751741943541631
2322103,0.0006700751176933813
1301421,0.0006700342629911162
4413423,0.0006695231246206035
2122132,0.0006690805022607864
2132212,0.0006690805022607863
0413014,0.0006683934817927565
3223204,0.0006659250806716611
0423221,0.0006642727258213765
0413204,0.0006628215784131189
3213421,0.0006589004317399487
3212214,0.0006584878530467252
3221214,0.0006584878530467252
1422121,0.0006574481339208539
1421221,0.0006574481339208533
0441323,0.0006537582951569042
1323213,0.0006445375858019193
2210342,0.0006436096478607102
2213213,0.0006413808780481045
1324413,0.000640631846554069
4232132,0.0006404575789598312
4213232,0.0006404575789598311
4221323,0.0006404575789598311
3204221,0.000640312559688441
2132413,0.0006399449175284649
2321424,0.0006386216667375178
1321340,0.0006378457495176508
2040041,0.0006371412692998436
4244132,0.0006365765635499781
2213014,0.0006349395486655637
1323204,0.0006327454804111101
4223213,0.0006320168999628642
2213204,0.0006296465260472308
2121421,0.0006271300478934643
2142121,0.0006271300478934643
1204134,0.0006267811353726551
1413122,0.0006238986757521929
2132323,0.0006234242559776081
2232141,0.000622395002231256
3421342,0.0006206414852116083
4223204,0.0006204538661579977
3223223,0.0006194922040924371
3123221,0.0006188740409048571
0413121,0.0006186624983954876
0413223,0.0006166050993559538
4213421,0.0006139088797705079
4221214,0.0006135244730966425
4212214,0.000613524473096642
1421322,0.0006134296816301573
1324132,0.0006122941381903025
2422142,0.0006072843187373267
2214242,0.0006072033067189548
3421423,0.0006068851226089279
1320441,0.0006034941549170966
2132041,0.0006028470474496413
3241322,0.000602550107701602
2131214,0.000597913609973652
2123214,0.0005972074509376956
4204221,0.0005965902392616147
2132134,0.0005953861413410136
2321321,0.0005923569039012636
3422321,0.0005912472491357619
1322122,0.000590705412524578
1312321,0.0005905901565498018
3204004,0.0005890880450099479
1232213,0.000589037000945374
2321420,0.0005890334230575346
1322323,0.0005886261137574956
1323223,0.0005886261137574956
2213121,0.0005876976634391198
2212321,0.0005870035698300677
2321312,0.0005865673095103471
2322131,0.0005865673095103465
2321232,0.0005858745508928845
2323212,0.0005858745508928843
2322123,0.0005858745508928838
2232132,0.0005857432398051816
2213223,0.0005857432398051809
0041301,0.0005852248621095904
4004130,0.0005851686889451101
1213400,0.0005829213930079434
1221340,0.0005829213930079427
0400441,0.0005828792918727708
4223223,0.0005771915553867034
1342042,0.0005755684341335327
2323241,0.0005723176086719315
2122322,0.0005638255080259464
4241322,0.0005614063124042444
2042142,0.0005600546628423804
0042213,0.000557520425273198
4004213,0.0005574669113359449
4204004,0.0005488634767521114
4004204,0.0005472678031455612
1422103,0.0005449500335599607
2441322,0.0005444553209601171
2413214,0.0005439170136832344
2141324,0.0005428859416078877
1214134,0.0005416280083873332
3424134,0.000541291535707706
1204413,0.0005400066919681091
2413423,0.0005383018184188117
1232232,0.0005379400183380488
1223232,0.0005379400183380486
1214214,0.000534800191625508
1413213,0.000534721896334408
1413014,0.0005293517333310631
4131213,0.0005288159926249721
1413204,0.0005249389184363797
2132141,0.0005209455537907984
2142210,0.0005198197743871684
2142103,0.0005198197743871684
1421424,0.0005193699773821126
4131204,0.0005191410658949495
1204132,0.0005161200365765824
2103221,0.0005131887370202501
2320422,0.0005092062165408428
0042232,0.0005091573998135205
4004223,0.0005091085280306935
3014232,0.0005088495589491006
1232322,0.0005030030285085287
0044131,0.0005027702020058124
3214212,0.0005011370236459304
3212142,0.0005011370236459304
2141320,0.000500731467738535
0413424,0.0004992179861796715
3221034,0.0004980135889646801
4132042,0.0004975140546795412
2132132,0.0004902679734663892
1413121,0.0004899659778162224
3214241,0.0004895408796181785
3400424,0.0004892124960155515
1301221,0.0004891544355072857
1413223,0.0004883365667321859
1301423,0.0004855940317688122
4131223,0.0004829429803451547
3213214,0.00048250622185911556
1421321,0.0004817443688577306
2210340,0.0004815078222970615
0423232,0.00048141847207287987
1421420,0.0004790414913004196
3213423,0.0004775250085786359
1421312,0.00047703588233984713
1422131,0.00047703588233984713
1342324,0.000476565541591715
1421232,0.00047647248456269235
1422123,0.00047647248456269235
1423212,0.0004764724845626922
0042322,0.00047608972257718663
2213424,0.000474231499057218
3241321,0.0004732003195027584
3423213,0.0004691958745845469
3241312,0.0004685753410522165
4212142,0.00046691799546342124
4214212,0.0004669179954634212
3424413,0.0004663526629818993
1423241,0.00046544706976485564
2134212,0.0004648022792885018
2121342,0.0004648022792885018
4413122,0.00046442425052867665
3421340,0.00046432450315929863
3204232,0.0004640538172828348
3232042,0.00046405381728283475
4221034,0.0004640078375794161
1321221,0.0004638983320488681
1322121,0.000463898332048868
0340041,0.00046084814394692825
3423204,0.0004606117247631675
0413420,0.00046045427921906373
0422134,0.0004597669784411683
1312212,0.0004593642696221502
2212212,0.0004565746027598171
4130141,0.00045611551836178676
4214241,0.0004561136683651134
0420413,0.0004558037964554544
2142131,0.000455037470339377
1342441,0.00045453429173233554
2041301,0.0004545064976652012
2142123,0.0004545000535353121
2121423,0.00045450005353531197
2134241,0.0004540469091587047
2103422,0.0004539574317863584
0421422,0.0004518558958501112
3400420,0.00045122570394875045
2322324,0.00045090247568233867
0040042,0.0004504088312096202
4213214,0.0004495593565808108
3123232,0.0004485166763539542
0413123,0.00044836336511945563
1214132,0.00044600108670081023
3424132,0.0004457240198238486
4213423,0.00044491827438142295
2122321,0.00044278875255601176
2214244,0.0004422828536274355
4241321,0.0004408888870900579
1342320,0.0004395607711042672
1312413,0.00043936092689230945
3420441,0.00043931800729773025
2213420,0.0004374079643091578
3221301,0.00043719181241855026
2212413,0.0004366927380508837
4241312,0.00043657971501676426
2324221,0.000433560060664494
2042213,0.00043299024404790787
1321322,0.00043283871602220713
4232042,0.0004323669334515942
4204232,0.0004323669334515939
3204131,0.00043219100051890557
3422122,0.0004300083482431257
2321323,0.00042929890768185854
3422323,0.00042849470741746306
3423223,0.00042849470741746263
3122134,0.00042834492033474563
2142422,0.00042827893367747635
1312323,0.0004280184926092273
2441321,0.0004275767750105396
2213123,0.0004259222156439133
2212323,0.0004254191850786701
3120413,0.0004246525958496375
1221221,0.0004239524401259717
2441312,0.00042339771322872613
3121422,0.00042097450836275723
1342044,0.0004192402226562299
2322320,0.00041589041297818743
0441301,0.0004157985650525974
1420422,0.00041412065224581213
1312041,0.00041389099325096903
4132324,0.00041193720999445647
2212041,0.0004113774804141084
2321214,0.0004112456387263641
1342122,0.000410356035188219
3221032,0.00041008699408169813
1312134,0.00040876862953878704
4221301,0.0004073391409047363
2212134,0.00040628622423302896
2124134,0.0004053766071901153
0041324,0.00040447771155390747
4204131,0.00040267979833434625
0422141,0.00040228273143760103
2320421,0.00039989461669674963
2324004,0.00039887558765911796
4413213,0.0003980419026326284
1221322,0.00039556734129252396
2232042,0.00039542979379818076
2042232,0.00039542979379818033
1413424,0.00039536876629235205
1232321,0.00039502307071027026
4413014,0.0003940444042807712
0421413,0.0003938792802734435
4132441,0.00039289367703264913
2214130,0.00039275822968593607
4413204,0.0003907595467713138
2044131,0.0003904692682063392
1241342,0.0003887266402877281
3212213,0.0003874397564492048
3221213,0.0003874397564492048
1322103,0.0003845191712854928
3232324,0.0003842324311860877
4221032,0.0003820851148637768
3221204,0.00038035137162684525
4132320,0.0003799507557070333
0422132,0.00037859299895596886
1223214,0.0003775987301389877
3122141,0.00037478934466741515
4134242,0.0003747131544326438
4130122,0.0003740179073991156
0042321,0.0003738872600900298
3214131,0.0003734744676302461
2413122,0.0003734007226696573
0041320,0.00037307047880823083
2103232,0.00037192335024113874
0413012,0.00037135554383162234
2042322,0.00036974825642734495
2320400,0.0003679033534411917
3121413,0.00036696021428564635
1422324,0.0003667041392332347
1321424,0.00036646976969414486
3232441,0.00036646966834078383
4413121,0.0003647260218295943
1413420,0.0003646688327518608
4413223,0.0003635131036893299
4132044,0.0003623859313488068
3014134,0.00036173925027422493
4221213,0.00036098429353308484
4212213,0.0003609842935330845
4232324,0.00035799597334919823
1312141,0.00035766065969852995
0142214,0.0003572965055917763
3014214,0.00035717912916123743
2103421,0.0003565061212607681
1034221,0.00035645968949302696
2212141,0.00035548862726957786
1413123,0.0003550931164851229
0421421,0.00035485572328760706
4132122,0.0003547065523773083
1301232,0.0003545049673060226
3232320,0.000354397221358734
4221204,0.00035437992331862657
3212232,0.00035383065809901936
3223212,0.0003538306580990193
3221223,0.00035383065809901893
3242214,0.0003531577423044663
2213012,0.00035276873251737406
3122132,0.0003527186500581575
1424221,0.00035260012403189685
0413212,0.0003521816524099045
2131213,0.00035179920533692614
2123213,0.0003513837169059103
2040042,0.00034980356038295953
2124413,0.0003492544180032451
1421323,0.0003491346685932818
4214131,0.00034797259343163076
2121340,0.00034773551646222846
3223241,0.00034564313436968234
2131204,0.0003453628804473937
2123204,0.0003449549935643329
0413241,0.0003440322861236845
3241323,0.0003429425384246076
4232441,0.0003414461012976748
1321321,0.00033992097270739164
1422320,0.00033822998127418415
1321420,0.0003380138102623616
3232044,0.0003380137167789734
0423214,0.00033792429922165844
3422121,0.00033769820165440736
3421221,0.00033769820165440703
1321312,0.00033659864364533415
1312132,0.00033659864364533404
1322131,0.0003365986436453337
2142421,0.0003363400415370027
1321232,0.00033620110766398835
1323212,0.00033620110766398824
1322123,0.0003362011076639879
1221424,0.0003349133686427417
2213212,0.0003345545184397406
2212132,0.0003345545184397405
1421214,0.0003344525392866008
2124132,0.0003338054984789209
3213122,0.0003312420229600059
2132042,0.00033097533266990205
3212322,0.00033085081335430377
3232122,0.0003308508133543037
3121421,0.00033060366152722455
4232320,0.000330197994534005
4223212,0.00032967011778763246
4221223,0.00032967011778763214
4212232,0.00032967011778763214
4242214,0.00032904315055295725
2120441,0.00032900799574306074
1323241,0.0003284215258673822
0040044,0.0003280747995968882
2232324,0.00032741235041254855
2213241,0.0003268130381700583
2210322,0.00032674863431372917
3204214,0.0003257354466089076
1420421,0.00032522112675889537
1424004,0.0003243923839902226
1342121,0.0003222646622728902
4223241,0.00032204166092428125
2122122,0.0003220359340116347
2131223,0.0003212818051608394
2123223,0.00032090235895654117
2122323,0.0003209023589565411
2413213,0.00032002879678793054
4241323,0.00031952546917285684
0422322,0.0003190354363191644
2413014,0.00031681477690900507
3421322,0.0003150881258001681
4232044,0.00031493320116193833
2423221,0.0003148615615959722
3123214,0.00031482938927028254
1214213,0.00031466465939148015
2324232,0.0003142140476998172
2323242,0.0003142140476998172
2413204,0.00031417372583016496
2041324,0.0003141318149049795
2232441,0.000312276335175498
2321034,0.0003110245929983102
1221321,0.0003106506660474726
1213221,0.00031065066604747253
2441323,0.000309877780191708
2142400,0.0003094330956494186
1214204,0.0003089077277430474
1221420,0.00030890772774304706
4213122,0.0003086238974093617
4212322,0.0003082594006823557
4232122,0.00030825940068235564
1221312,0.0003076144199231551
1232212,0.00030725111542799765
1221232,0.00030725111542799765
3240041,0.0003057614800925937
4204214,0.00030349332538932725
2130141,0.000303434614571714
3221324,0.0003021647835666388
2232320,0.00030198915501888733
1420400,0.0002992036855431194
3014132,0.0002978725180867397
3122322,0.0002972314562855887
4413424,0.0002943087557388965
1413012,0.00029410475440620797
1232413,0.00029387164781923523
4130121,0.00029372726188053763
2413121,0.0002932425685621912
2324131,0.0002926395142003763
2413223,0.00029226737290951314
1320422,0.0002922053770205831
1241340,0.0002908205597227242
0042212,0.00029081156576608256
4004212,0.00029078365204099305
2042321,0.00029037417940958125
2320423,0.00028981568545098874
2041320,0.00028973983793883313
2232044,0.000288028434093026
0441324,0.0002873788571688863
1214223,0.00028736855642636704
1232323,0.0002862851291985944
2142040,0.0002854059688716772
4240041,0.00028488323679639173
3210342,0.0002848825648209518
4004241,0.0002840550150597321
3213213,0.0002838960388067426
0400422,0.0002822238821228861
2232122,0.00028192477689050995
4221324,0.00028153213270120644
3213014,0.0002810448969050415
3422103,0.00027991355793681775
1413212,0.0002789194886379595
3213204,0.0002787020329281293
3221320,0.000278702032928129
4132121,0.00027856148686938143
0042413,0.00027814797000012115
1232041,0.0002768357875255829
2400441,0.00027628152854549873
4131212,0.0002758388748574632
1213422,0.0002747959344557241
2132324,0.00027404463016596903
1232134,0.0002734096351922932
2321301,0.00027303954858411887
2322130,0.00027303954858411855
4134244,0.0002729385716453546
1413241,0.0002724653844513213
0142142,0.00027191770743058595
1244134,0.00027175284004731794
4413420,0.0002714560166965622
0042323,0.00027096737000227
4131241,0.00026945605504896355
3242142,0.00026876793404330017
3214242,0.00026876793404329995
1342210,0.00026712090195383
1342103,0.00026712090195383
3421424,0.0002667743633391221
4210342,0.00026542999186317885
0441320,0.0002650642168426866
4213213,0.00026451082858588624
4413123,0.00026432794442570286
0421342,0.0002630040604124728
0042041,0.0002620236177768002
4213014,0.000261854370573986
2132441,0.0002613757626275348
2103214,0.0002610658809024299
1032214,0.0002610318793814899
3012214,0.0002607564492596187
3213121,0.00026013410186798657
2214210,0.0002599209717035958
3212321,0.00025982687345985154
3232121,0.00025982687345985143
4213204,0.0002596714838581241
4221320,0.0002596714838581241
3213223,0.00025926901039610776
0042134,0.0002587807826020307
1322324,0.00025874807421111685
2103423,0.0002583707346553601
1034232,0.00025833708415337093
2322124,0.0002575385431086925
0421423,0.0002571746414850904
2210321,0.0002566053116215144
2321032,0.00025611176733815276
1423242,0.0002555399406986779
1424232,0.0002555399406986777
2040044,0.00025479458886876785
2210312,0.00025409729548620967
0340042,0.0002530150365642838
1421034,0.0002529460621905379
2122121,0.00025290428948216353
2121221,0.0002529042894821635
2132320,0.00025276537735062976
0422321,0.0002505479104049776
4242142,0.00025041571284305507
4214242,0.00025041571284305507
2134242,0.000249281019857855
1301214,0.00024883931464380786
2130122,0.0002488185010283961
1324221,0.0002487962182554654
3421321,0.00024744797137104304
1321323,0.00024635097746030817
3421420,0.0002460596384466608
3421312,0.00024502945750270083
3422131,0.00024502945750270083
3121342,0.0002450294575027008
3423212,0.00024474006826217376
3421232,0.00024474006826217376
3422123,0.00024474006826217376
2142423,0.00024375576867687496
4213121,0.0002423714227143075
4212321,0.00024208517271539064
4232121,0.00024208517271539056
2321213,0.00024196788045782549
4213223,0.00024156540209143785
2132044,0.0002410802329198919
3121423,0.00023959844113324882
1232141,0.0002392254772611682
3423241,0.0002390768644935073
1322320,0.00023865658151050835
1424131,0.00023799408286257064
2321204,0.00023754096911797018
2322120,0.0002375409691179699
2413424,0.00023662653695583871
1321214,0.00023599120161658344
2121322,0.00023597146265323663
2132122,0.00023597146265323663
1420423,0.00023569755590445356
0044130,0.0002340330713482963
1342131,0.0002338310804800426
1342123,0.00023355491695472034
3122321,0.0002334246036684208
4132103,0.0002308959198236259
4132210,0.00023089591982362566
1320421,0.00022947747581357887
0424134,0.00022937859480903257
1324004,0.0002288927112241776
2323244,0.00022887142432975177
2423232,0.00022818966669237284
1312042,0.00022723460247478267
0042141,0.000226425656800461
2212042,0.0002258546326285846
2042212,0.00022585463262858447
1232132,0.00022513790373084158
1213232,0.0002251379037308414
1221323,0.00022513790373084118
1244132,0.00022377362340623332
1223213,0.0002221707801650176
1422130,0.00022205407608076236
1421301,0.00022205407608076236
0400421,0.00022163871433244337
2232121,0.00022140381819730684
2321223,0.00022097797904341228
2324214,0.0002205577227175596
1342422,0.00022008061387550023
4413012,0.00021892878675747619
2413420,0.00021825275637983534
3241301,0.00021811580278032844
1223204,0.00021810606569036886
2422134,0.00021792697965018483
2420413,0.0002160484535261927
2042413,0.00021601963255923128
1213421,0.00021580532858671967
1212214,0.00021567019939849948
1221214,0.00021567019939849945
3232103,0.00021536704738562862
3232210,0.00021536704738562835
2421422,0.00021417717069113876
3124134,0.00021370207197806345
1301424,0.00021345726537092834
3210340,0.000213131024143729
0042132,0.00021309184250171626
4130123,0.00021287300249431447
3420422,0.00021271305265914157
2413123,0.00021252173063311658
2142130,0.00021181409784673863
1320400,0.000211119453391036
3400412,0.00021095432900513646
2042323,0.00021044292253294587
0142213,0.00021022539818484233
3014213,0.0002101563364770972
3213424,0.00020991028680095766
1204221,0.00020971736499985293
2122103,0.00020962900939247982
1422124,0.00020944761863890896
1421032,0.00020828726887586323
3242213,0.00020779024097941016
4413212,0.00020762501909841693
0141342,0.00020699650191905396
3014204,0.00020631143166025695
0400400,0.0002039077868285868
2042041,0.00020349688561077835
4241301,0.00020322224981932414
1223223,0.0002028982107479383
4413241,0.0002028206452213613
4132131,0.000202120620347874
3212212,0.00020209477017422465
3221212,0.00020209477017422465
4132123,0.00020188190809909597
3204130,0.0002011793595901359
2042134,0.00020097838417104628
4232103,0.00020066118707928756
4232210,0.00020066118707928732
2142124,0.0001997889846075729
2121424,0.00019978898460757237
0423213,0.00019882721842618
1032142,0.00019865626754493994
0322142,0.0001986108670786199
4210340,0.0001985778457162374
0122142,0.00019851186727208768
3012142,0.00019844665360770736
0424413,0.00019762237438348244
3221241,0.00019741836441768005
1241322,0.0001973492772483548
0413124,0.00019709142112453193
2441301,0.0001970861972993746
1301420,0.00019688255229463833
1421213,0.00019678451130946515
0421340,0.00019676291802869564
3214244,0.000195768777140802
4213424,0.00019557702926675574
2130121,0.00019540448616622397
0423204,0.00019518958492599262
3213420,0.00019361099256310754
4242213,0.00019360174606359933
3212413,0.0001932944101570456
1422120,0.00019318425005588282
1421204,0.00019318425005588282
1204004,0.0001929401363179777
0142232,0.00019198905055739488
3014223,0.0001919259797209767
3204213,0.00019165556588038226
2422141,0.00019067976766156742
4132422,0.0001902348914085168
3242232,0.0001897651350654245
3223242,0.00018976513506542428
0413242,0.00018888074650226324
0424132,0.00018888074650226286
2321324,0.0001887110731709403
3213123,0.00018852702660715929
3232131,0.00018852702660715926
3422324,0.00018835756308222866
3212323,0.0001883043689169178
3232123,0.0001883043689169178
4221212,0.00018829517782757054
4212212,0.00018829517782757038
3204204,0.00018814914099317441
1312324,0.00018814822873286507
4204130,0.00018744227402126375
3244131,0.00018738459919358347
2213124,0.00018722674799133716
2212324,0.00018700562598029466
2421413,0.00018669657874910612
0420441,0.00018616612405828
1423244,0.00018613359469122406
2210323,0.0001859696059233253
2121321,0.00018531532912171103
2132121,0.00018531532912171097
3123213,0.0001852386818337784
0340044,0.00018429447129822128
2142120,0.00018427559793544635
2121420,0.00018427559793544632
3124413,0.00018411618098077093
4221241,0.00018393809004759818
2232103,0.0001835186867705835
2232210,0.0001835186867705833
2121312,0.0001835040890011557
2131212,0.0001835040890011557
2122131,0.00018350408900115554
3121340,0.0001833154628320454
2123212,0.0001832873635939705
2121232,0.00018328736359397044
2122123,0.00018328736359397028
4214244,0.0001824011411727009
0422122,0.00018222104756765204
3212041,0.00018208905369814342
3123204,0.00018184965672995803
0413120,0.00018178749717862738
2044130,0.00018175842908127395
0422323,0.00018157962463244553
0423223,0.0001815796246324453
2134244,0.00018157463834254155
1034214,0.0001813357467352826
0342214,0.0001812943046626816
3424221,0.00018111303636771282
4213420,0.00018039069612050933
1323242,0.00018031012051857812
1324232,0.00018031012051857812
4212413,0.0001800957308406304
3212134,0.00017983549810921242
1421223,0.00017971411550133604
0142322,0.00017952015202215345
2422132,0.0001794509667895544
1312441,0.00017945028421936
2213242,0.00017942702794481594
1424214,0.00017937233486685188
3421323,0.00017933300535210323
2131241,0.0001792578654229073
2103122,0.0001792225397275942
2123241,0.00017904615496955195
4204213,0.00017856879140404816
1321034,0.00017847986828820462
2212441,0.00017836050309264157
3232422,0.000177440670686922
3242322,0.00017744067068692183
4223242,0.00017680744445693866
4242232,0.00017680744445693853
2413012,0.00017602045348703263
3124132,0.0001759719860429952
2042141,0.0001758502396548028
4213123,0.00017565387748379093
4232131,0.00017565387748379093
4232123,0.0001754464234792041
4212323,0.00017544642347920407
4204204,0.00017530179494933227
3204223,0.0001750300888718587
4244131,0.00017458945818778972
2321320,0.00017405787368067314
3214130,0.00017384756769786824
3422320,0.0001737318132469535
1312320,0.000173538733470943
3120441,0.00017344289024222808
1342421,0.00017283577825501553
2213120,0.00017268880465747674
2212320,0.00017248485251826598
3421214,0.00017179153035581015
3122122,0.00016976743386034086
4212041,0.00016965550725032492
3123223,0.00016916984797669726
3122323,0.00016916984797669723
2421421,0.00016819963071259463
1324131,0.0001679296850673513
3240042,0.00016786929291503504
4212134,0.0001675558306976053
3420421,0.0001670498157649655
2413212,0.00016693213605318232
3424004,0.00016662413208259525
1320423,0.00016630924541529498
1312044,0.00016551617442353686
2042132,0.00016549472397217312
4232422,0.00016532452874477513
4242322,0.00016532452874477486
2212044,0.00016451101355774008
1214212,0.00016413411624165394
1212142,0.00016413411624165394
1221034,0.0001631111182054766
4204223,0.00016307854815287776
2413241,0.00016306938195361572
1312122,0.00016200869436055524
4214130,0.0001619767728098076
2212122,0.00016102483402148434
2232131,0.00016064775351522717
0400423,0.0001606282586330577
2232123,0.00016045802232185976
4134210,0.00016040065350851618
1214241,0.000160336107389786
2423214,0.0001601742302795777
2120422,0.00015930213185261772
1342400,0.00015900904828348292
1213214,0.00015803209216068553
3212141,0.0001573508294007955
1321301,0.00015668234527367147
1322130,0.00015668234527367128
4240042,0.00015640671123738178
1213423,0.00015640062810789114
3213012,0.00015614691551350934
1413124,0.00015609171579160082
4004242,0.00015595200060062087
1241321,0.0001549841911136242
0141340,0.000154861623335584
2214240,0.00015472314610052654
3420400,0.0001536859583640492
2103213,0.000153605417087105
2132103,0.0001536054170871049
2132210,0.0001536054170871047
1032213,0.00015358541134071052
1421324,0.00015347250321970244
1241312,0.0001534694023137595
3012213,0.00015342335432045907
2103014,0.0001520627719595925
1232042,0.000151988497345785
1204232,0.00015198849734578487
2422322,0.00015122101477174917
2232422,0.00015120084181610255
2103204,0.0001507951368074271
3241324,0.00015075056866912444
1413242,0.000149589056861628
4132421,0.00014939705469219232
3213212,0.00014808471190938145
3212132,0.00014808471190938142
4131242,0.00014793687360175746
1322124,0.0001477871727443279
1321032,0.00014696842478247743
1342040,0.00014666217713223465
4212141,0.00014660647763322136
1301213,0.00014641157466232388
4213012,0.00014548477033075034
3213241,0.00014465808093505026
3210322,0.00014462957369337608
1413120,0.00014397137217932843
0042042,0.00014385631384931374
1301204,0.00014373290896945443
1221301,0.00014319056141041603
0422121,0.00014310354745109778
0421221,0.00014310354745109764
2130123,0.00014161552252504422
1421320,0.00014155553847480974
1204131,0.0001415526783506745
2122324,0.00014106215380043057
0142321,0.0001409824547506938
2103121,0.0001407487310635293
1031221,0.0001407303997867267
4241324,0.00014045690104048245
2103223,0.00014028066276319334
1032232,0.0001402623924481453
3012232,0.00014011439333042272
3242321,0.0001393493769042968
3232421,0.00013934937690429676
4122142,0.00013921243130245932
3241320,0.00013904495903603768
1321213,0.00013885202780194092
3223244,0.00013822366335461788
4213212,0.00013797307638630725
4212132,0.00013797307638630722
0342142,0.0001379726107660909
0413244,0.00013757948060214915
4132400,0.00013744540466563722
1321204,0.0001363116674232193
1322120,0.00013631166742321914
2324130,0.00013621993513727705
2441324,0.00013621597307939557
2124221,0.0001356366825589698
4213241,0.00013478042529442143
4210322,0.00013475386460640466
2323210,0.0001345032540128408
2132131,0.00013446241152357847
1221032,0.000134313098373973
2132123,0.00013430360622911783
2121323,0.00013430360622911777
2400422,0.00013377254370185344
1301223,0.00013371086202114
0421322,0.00013352226437932332
3122121,0.00013332335836816432
3121221,0.0001333233583681643
1323244,0.00013133669358914593
3423242,0.000131258077972134
3424232,0.00013125807797213386
1032322,0.0001311529274309032
3012322,0.00013101454024665724
2213244,0.00013069345482674322
2122320,0.0001301088385262808
3421034,0.00012992573240399775
4232421,0.00012983421432298997
4242321,0.0001298342143229899
2324213,0.00012977130857813856
4241320,0.0001295505829524783
4223244,0.0001287853676218263
2121214,0.00012865574856733234
3232400,0.00012820153341025955
2324204,0.00012739708404699236
2320424,0.00012739708404699225
1312121,0.00012723019206828306
1212213,0.00012689559745360533
1221213,0.00012689559745360533
1321223,0.00012680708047571062
4132040,0.0001267729258346694
1324214,0.00012656591853747807
2132422,0.00012655533221048865
2212121,0.00012645753761043172
2321212,0.00012621431429451043
1232324,0.0001258451232864179
2441320,0.00012563895820817385
1342423,0.000125259299460431
2120421,0.0001251046489356204
2124004,0.0001247858517708547
2421342,0.00012466245556771546
1221204,0.0001245739853525191
3121322,0.00012439689316616424
2321241,0.00012329375704596635
1214131,0.00012232163817659381
3240044,0.0001222748774344972
3424131,0.0001222456489575425
2421423,0.00012189934355765488
3420423,0.00012106603799845147
1232441,0.0001200274022958333
4232400,0.00011944757655253183
0042324,0.00011911174771804916
2422321,0.00011875831004076475
2232421,0.00011874246762544468
0422103,0.00011861663143059919
2324223,0.00011851408316325852
2210301,0.00011827902737013406
3232040,0.00011824683063393111
2320420,0.00011750484584575049
4413124,0.00011619319119863448
1232320,0.00011607339306726557
1223212,0.00011588783032585859
1212232,0.00011588783032585858
1221223,0.00011588783032585847
1030142,0.00011571110941655351
1242214,0.00011566743463758882
2120400,0.0001150963727761326
3214210,0.00011504947652012142
0040040,0.00011476991417055815
3421301,0.00011405806525801419
3422130,0.00011405806525801419
4240044,0.00011392560911162792
0042441,0.00011360530537981584
4004244,0.00011359440090545376
3210321,0.00011358185751938476
2103424,0.00011357452287977863
1223241,0.0001132062244813226
0421424,0.00011304874463591386
3210312,0.00011247172799970958
3221031,0.00011247172799970945
1241323,0.00011232171603781213
2042042,0.00011172394340695953
4413242,0.00011135267363165098
1424130,0.00011078318872685383
1232044,0.00011070741147289822
3122103,0.00011050996248748077
4232040,0.00011017260853691497
0042320,0.0001098628564282098
0142212,0.00010965692813850562
3014212,0.00010962090444779689
1423210,0.00010938706848350924
2232400,0.00010924316110114387
1413244,0.00010895967496899706
1342130,0.00010884536458825851
2424134,0.00010872417269421723
1213122,0.00010848952309508678
3221242,0.00010838671121425356
3242212,0.00010838671121425345
1232122,0.00010836139278368013
1212322,0.0001083613927836801
1321324,0.000108290881950477
4132423,0.00010827254982232047
4131244,0.00010775623566159349
3422124,0.00010758275901300592
4214210,0.00010719357864456055
4413120,0.0001071709224921123
2142424,0.00010715008092382426
3014241,0.00010708431318343401
3421032,0.00010698674541428479
2134210,0.00010670785911695765
1034213,0.00010669396136251472
1204214,0.00010668599032808191
0342213,0.00010666957775932297
4210321,0.0001058261727463842
1424213,0.00010553873304266856
1312103,0.00010545941780070183
1312210,0.00010545941780070172
3121424,0.00010532260424442356
0141322,0.00010508826978368691
2400421,0.0001050555125811413
0142413,0.00010488183947507847
0421321,0.00010485896086888975
2212103,0.00010481897477407819
2212210,0.00010481897477407809
4221031,0.00010479184595436149
4210312,0.00010479184595436149
0042044,0.00010478398305404411
2103420,0.00010475559078000834
1034204,0.00010474194729124163
0421420,0.00010427063861680507
0421312,0.0001038340874392301
0422131,0.0001038340874392301
0422123,0.00010371145537690133
0421232,0.00010371145537690133
0423212,0.0001037114553769013
3242413,0.00010366693504715512
1424204,0.00010360785439374812
1420424,0.00010360785439374805
1032321,0.00010299825088531883
0323221,0.00010297471189166848
0123221,0.00010292338299559682
3012321,0.00010288957135981006
1342124,0.00010266599386630048
1421212,0.00010264594669222437
0042122,0.00010256348869594348
4004412,0.00010231727697250121
0142323,0.00010217423554646073
2103123,0.00010200484894365716
1031232,0.00010199156371467464
0423241,0.00010131160679830578
3421213,0.00010107835455602299
3232423,0.0001009906947942548
3242323,0.0001009906947942548
4221242,0.00010098576546359513
4242212,0.00010098576546359486
2232040,0.00010076055430089306
1421241,0.00010027075363015913
1240041,0.00010014404832957623
3204212,9.997060677040988e-05
3212042,9.997060677040984e-05
1321320,9.98822185396133e-05
2132421,9.938762415164643e-05
3421204,9.922908054018533e-05
3422120,9.922908054018533e-05
1221324,9.896604595134e-05
2142420,9.882999941089245e-05
0142041,9.880179610274959e-05
2131242,9.841622662504534e-05
2124232,9.82999932653145e-05
2123242,9.829999326531433e-05
3121321,9.769253849429347e-05
3242041,9.76573201842038e-05
3204241,9.76573201842037e-05
0142134,9.757901342975665e-05
1034223,9.743861835469468e-05
0342232,9.74163499472312e-05
2121034,9.730219135934193e-05
3121420,9.714442421028207e-05
3121312,9.673770844305931e-05
3122131,9.67377084430592e-05
2400400,9.665115198436064e-05
3123212,9.66234574780448e-05
3121232,9.662345747804479e-05
3122123,9.66234574780447e-05
4242413,9.658826872518862e-05
3242134,9.644870168006263e-05
1424223,9.638360221383207e-05
3423244,9.560751175888754e-05
1420420,9.556282272878094e-05
4134240,9.54816903951839e-05
2141221,9.512248091150391e-05
1342120,9.469409659651616e-05
3123241,9.438762281306028e-05
2423213,9.424299094026705e-05
4232423,9.409476959161516e-05
4242323,9.40947695916151e-05
4132130,9.408455269250236e-05
2424413,9.367190159395334e-05
4130124,9.357464468461301e-05
2413124,9.342023271496845e-05
1210342,9.330571441191168e-05
2421340,9.326452408246942e-05
4212042,9.314433601194325e-05
4204212,9.314433601194322e-05
1213213,9.298260402921915e-05
2423204,9.251877297999088e-05
2042324,9.250643093145579e-05
1312131,9.231658560136416e-05
3421223,9.231014658871876e-05
1312123,9.220755615295616e-05
3424214,9.213459098262514e-05
1213014,9.20487882578147e-05
2212131,9.175595749698916e-05
2212123,9.164759017199683e-05
2124131,9.155052896471321e-05
2132400,9.143669029101154e-05
1213204,9.128144541507836e-05
1221320,9.128144541507828e-05
0342322,9.108955902014931e-05
4242041,9.098900706038108e-05
4204241,9.098900706038097e-05
2120423,9.06671109600782e-05
4004122,9.02351240203424e-05
0420422,9.01396343704161e-05
4242134,8.986291638536379e-05
2413242,8.952841880656617e-05
2424132,8.952841880656609e-05
2040040,8.913440816399878e-05
4132124,8.874318301180138e-05
2420441,8.82417029312469e-05
2042441,8.822993144590051e-05
1242142,8.802779528710347e-05
1214242,8.802779528710322e-05
3232130,8.775690940515481e-05
3244130,8.722512411771141e-05
1312422,8.688789697386912e-05
2422122,8.637175871079324e-05
2212422,8.636023667690001e-05
4130120,8.630868030449157e-05
2413120,8.616625824808776e-05
2422323,8.60677278223161e-05
2423223,8.606772782231603e-05
2232423,8.605624634628848e-05
2121301,8.541879646521911e-05
2122130,8.541879646521904e-05
0142141,8.537879816119032e-05
2042320,8.53234121303101e-05
1213121,8.520001297007561e-05
1232121,8.509938846844389e-05
1212321,8.509938846844387e-05
1213223,8.491667524505183e-05
2103012,8.448519459845278e-05
3242141,8.43898082611662e-05
2132040,8.43367356298969e-05
3120422,8.39791814416695e-05
3213124,8.287264858155362e-05
3232124,8.277477278703524e-05
3212324,8.27747727870351e-05
0141321,8.252890871983575e-05
3210323,8.231619661121731e-05
4132120,8.185237611730964e-05
4232130,8.176462383364098e-05
2210324,8.174845843534066e-05
0141312,8.17222853752508e-05
3014131,8.169543856873941e-05
2042044,8.137897794982098e-05
4244130,8.126915032297602e-05
3223210,8.123134007321675e-05
4413244,8.110854751264762e-05
0413210,8.085276648483745e-05
2122124,8.056939923109001e-05
0042121,8.054612388231917e-05
0142132,8.035098878738528e-05
2103212,8.012304092960132e-05
2121032,8.012304092960131e-05
1032212,8.011260561249084e-05
2323240,8.00657464660329e-05
3012212,8.002807408025215e-05
0422324,7.981871189795557e-05
2042122,7.965446284609208e-05
3213242,7.94202387876295e-05
3242132,7.94202387876295e-05
3212441,7.894816019722516e-05
3221244,7.894816019722508e-05
3421324,7.883114373084971e-05
4242141,7.862743770990216e-05
2103241,7.826902041480985e-05
1324130,7.816911147492787e-05
4213124,7.721387390803247e-05
1323210,7.718400281188432e-05
4232124,7.71226813446724e-05
4212324,7.712268134467226e-05
2213210,7.680598398798036e-05
0424221,7.674875929716437e-05
4210323,7.669541802410906e-05
1032413,7.662404541523073e-05
3012413,7.654319486848164e-05
3213120,7.643768198660268e-05
1301212,7.637061772752774e-05
3212320,7.634740613584095e-05
3232120,7.634740613584089e-05
2400423,7.613689736713056e-05
3221412,7.601198049101593e-05
0421323,7.599445041527286e-05
2121213,7.569821016452427e-05
4223210,7.568463850436149e-05
2210320,7.54007839224106e-05
2232130,7.477946586806279e-05
1032323,7.464593779020034e-05
0323232,7.462887837180676e-05
1301241,7.460342703741742e-05
0123232,7.45916787732692e-05
3012323,7.45671744614014e-05
1324213,7.44686001815296e-05
3122324,7.436362634191818e-05
2121204,7.431327731992513e-05
2122120,7.431327731992506e-05
4213242,7.399720424597166e-05
4242132,7.399720424597159e-05
0422320,7.362088000158644e-05
4221244,7.35573604932009e-05
4212441,7.35573604932009e-05
1324204,7.310616360530715e-05
1320424,7.310616360530709e-05
3212044,7.281792564701605e-05
0421214,7.27986625203532e-05
3421320,7.270999537572531e-05
1321212,7.242743724607226e-05
1032041,7.218211798699755e-05
4123221,7.2178125074268e-05
3012041,7.210595437969722e-05
2132423,7.202920773674115e-05
2131244,7.168572547829747e-05
2123244,7.16010618714632e-05
1031214,7.159141099509984e-05
0312214,7.157504965153965e-05
0342321,7.153530948009726e-05
3124221,7.15034848705239e-05
1241301,7.143803558402065e-05
1032134,7.128878358766491e-05
3212122,7.127482918937905e-05
0322134,7.127249140590661e-05
0122134,7.12369648359659e-05
4213120,7.12183047091552e-05
3012134,7.121356259014492e-05
4212320,7.113419314427867e-05
4232120,7.113419314427863e-05
0041221,7.087109915291337e-05
4004121,7.086429654733845e-05
4221412,7.082167129432783e-05
3121323,7.080072805441416e-05
0420421,7.078930571707087e-05
1321241,7.075149044063384e-05
0320413,7.065812398227281e-05
0120413,7.062290365064107e-05
0400424,7.060891729705324e-05
0424004,7.060891729705323e-05
1232103,7.053775379244352e-05
1232210,7.053775379244343e-05
2232124,7.053408487515816e-05
2321031,7.024200584094349e-05
0321422,7.004612545876051e-05
0121422,7.001121018463302e-05
1210340,6.980540379356514e-05
2121223,6.913164452947158e-05
2124214,6.90001698411074e-05
2141232,6.893812983752079e-05
1213424,6.87505368560631e-05
3122320,6.858937561408326e-05
3214240,6.84854971406895e-05
1312421,6.823562071176154e-05
1242213,6.80561721795524e-05
1324223,6.800869908506119e-05
4212044,6.784571538847484e-05
2422121,6.783028215506176e-05
2421221,6.783028215506169e-05
3121214,6.78233513060941e-05
2212421,6.782123356300285e-05
2321242,6.769078894397284e-05
2324212,6.769078894397269e-05
1320420,6.742955342405762e-05
0042103,6.676361320097483e-05
0042210,6.676361320097482e-05
4004210,6.675720485493821e-05
4212122,6.640798584383912e-05
1212212,6.619077205327914e-05
1221212,6.619077205327912e-05
2324241,6.612444660463467e-05
3120421,6.595132086418583e-05
1204130,6.589095364009432e-05
3124004,6.578326080979988e-05
2413244,6.521190532456661e-05
0420400,6.512621544198891e-05
0400420,6.512621544198891e-05
1423240,6.511483574239106e-05
2232120,6.505719367226125e-05
1221241,6.465913960582273e-05
0340040,6.447145796932423e-05
1214244,6.411886112493133e-05
0412214,6.40542459525102e-05
1413210,6.403346718547282e-05
4214240,6.380911713647299e-05
2134240,6.35199828933197e-05
1213420,6.341213612161171e-05
4131210,6.33262294718666e-05
1212413,6.330844796650678e-05
2421322,6.32888074974327e-05
1312400,6.27768232825084e-05
1204213,6.277168806988038e-05
2132130,6.259052550094809e-05
2042121,6.255499216881337e-05
2212400,6.239558678847762e-05
1032141,6.23756118365502e-05
0322141,6.236135665145398e-05
0122141,6.233027193622973e-05
3012141,6.230979565191161e-05
2130124,6.225130498857295e-05
1242232,6.21525276876129e-05
1223242,6.215252768761272e-05
1232131,6.174701816023799e-05
1213123,6.174701816023798e-05
1232123,6.167409255009985e-05
1212323,6.16740925500998e-05
1204204,6.162325176828271e-05
1244131,6.13728464166832e-05
0321413,6.105866435522162e-05
0121413,6.102822898153236e-05
3120400,6.067526567433089e-05
2214122,6.0564736690901375e-05
0141323,5.9811188376909415e-05
1212041,5.963843119908856e-05
2132124,5.903713521909634e-05
2121324,5.903713521909623e-05
1212134,5.8900338945797056e-05
3014242,5.8791473441819847e-05
1032132,5.8702420217050604e-05
0322132,5.868900449508569e-05
0122132,5.8659750304838986e-05
3012132,5.864047983339776e-05
0042131,5.8443228131334715e-05
0042123,5.837420442465369e-05
1242322,5.811597685726255e-05
1232422,5.811597685726251e-05
1312040,5.790227459033595e-05
3213244,5.784917416963831e-05
2212040,5.755064067503113e-05
2130120,5.7417562192246596e-05
1204223,5.7326454835989564e-05
1421031,5.7125510901087955e-05
1214130,5.693915144655353e-05
3424130,5.690377944110655e-05
2422103,5.6223620738472397e-05
3423210,5.618666234677537e-05
3212121,5.597421942810653e-05
1034212,5.56532757457531e-05
0342212,5.564055686855727e-05
0423242,5.5622139820121895e-05
0424232,5.5622139820121854e-05
1342424,5.506144181325385e-05
0421034,5.505754286255158e-05
1421242,5.5050690187839115e-05
1424212,5.505069018783895e-05
2041221,5.5041022942121514e-05
0321421,5.500928225446505e-05
0042422,5.500646662370375e-05
0121421,5.498186226289674e-05
1240042,5.4981126391866456e-05
2320412,5.493515926357265e-05
0312142,5.447163100081827e-05
2121320,5.445296903762539e-05
2132120,5.445296903762536e-05
1034241,5.436547745763477e-05
0142042,5.424420252505765e-05
3424213,5.4209965036853016e-05
4213244,5.3899071846637045e-05
1424241,5.377683552908526e-05
3204242,5.3615861887949324e-05
3242042,5.3615861887949324e-05
2421424,5.35844734984642e-05
3424204,5.3218169313797816e-05
3420424,5.321816931379778e-05
0342413,5.321764938026584e-05
3421212,5.272408547021785e-05
0323214,5.238459446083198e-05
0123214,5.2358482774230094e-05
3210301,5.235414477351611e-05
3221030,5.235414477351606e-05
4123232,5.230966339521676e-05
4212121,5.215214422366582e-05
2042103,5.185100287445904e-05
2042210,5.185100287445904e-05
0342323,5.184379555337862e-05
3124232,5.182073129931615e-05
3123242,5.182073129931607e-05
0424131,5.180301802195757e-05
1212141,5.1536083156845724e-05
3421241,5.15040676707027e-05
0041232,5.136242230347971e-05
4004123,5.135749225012252e-05
0420423,5.130314413447128e-05
3121034,5.129472084151489e-05
1213012,5.1141773152601495e-05
1342420,5.078598368801445e-05
1412214,5.0729438640290114e-05
0441221,5.035346793924056e-05
0342041,5.01326003572432e-05
4122134,4.995706911481473e-05
4242042,4.995482188809984e-05
4204242,4.995482188809983e-05
2421321,4.970256173875729e-05
4120413,4.9526440196996076e-05
0342134,4.95121533867735e-05
3424223,4.9507432536880796e-05
0322322,4.945646699189145e-05
1312423,4.945241161810717e-05
0122322,4.943181486315358e-05
2421420,4.942370027747422e-05
1241324,4.9374343131581334e-05
2321244,4.930552084804415e-05
2422131,4.921677745775758e-05
2421312,4.921677745775758e-05
2422123,4.915865054520246e-05
2421232,4.915865054520246e-05
2423212,4.915865054520246e-05
2212423,4.9152092757724387e-05
4121422,4.9097471713726044e-05
3420420,4.908583919475114e-05
4210301,4.8779258323414446e-05
4221030,4.8779258323414446e-05
0412142,4.8747982244476686e-05
1213212,4.850121258516125e-05
1212132,4.850121258516125e-05
2141214,4.839006096855636e-05
3223240,4.8354576453424394e-05
0422130,4.8333434036270994e-05
0421301,4.8333434036270994e-05
3124131,4.826262143259654e-05
0413240,4.8129222969091445e-05
2423241,4.802113572383728e-05
3120423,4.779691064745326e-05
4413210,4.7665904997332884e-05
4132424,4.759441197336084e-05
2214121,4.756326882432116e-05
2321412,4.7471787555761694e-05
1213241,4.737891065949969e-05
1210322,4.73695738699633e-05
3212103,4.6396287679647344e-05
3221210,4.6396287679647296e-05
3212210,4.6396287679647296e-05
2142412,4.620440730404573e-05
1323240,4.594531816888183e-05
2213240,4.572029491917522e-05
1242321,4.564018571330252e-05
1232421,4.564018571330244e-05
0422124,4.558944757157187e-05
1241320,4.554048172932752e-05
2042131,4.5389095115455126e-05
0421032,4.533687986499766e-05
2042123,4.533548884338669e-05
1223244,4.5271488151758186e-05
4223240,4.505279163941301e-05
3121301,4.503016076092642e-05
3122130,4.5030160760926375e-05
0142324,4.491371698220567e-05
2103124,4.4839258074848054e-05
1420412,4.46769564990838e-05
3242324,4.439345652616035e-05
3232424,4.439345652616031e-05
4132420,4.3898760194432745e-05
4122141,4.371098221595372e-05
0342141,4.33216938965907e-05
4212103,4.322822026342832e-05
4221210,4.322822026342832e-05
4212210,4.3228220263428285e-05
0042421,4.319819588173513e-05
1312130,4.297218486394186e-05
2103242,4.297128961505457e-05
0142441,4.28373911999355e-05
0421213,4.283313040052708e-05
3014244,4.282331857399611e-05
4121413,4.279788534232843e-05
3240040,4.2775236639985645e-05
2420422,4.272568319655952e-05
2042422,4.2719983570000276e-05
2212130,4.271121968217968e-05
2124130,4.261559533897217e-05
3122124,4.2473707777708124e-05
3242441,4.23411819752503e-05
3121032,4.223840141769409e-05
2131210,4.212829701802492e-05
1031213,4.212281018011155e-05
0312213,4.211318352574761e-05
2123210,4.2078541874284266e-05
0422120,4.204947899054317e-05
0421204,4.204947899054317e-05
1232400,4.19890057893325e-05
0142320,4.142621811035354e-05
4242324,4.136214798516342e-05
4232424,4.136214798516341e-05
2103120,4.1357540852185795e-05
1031204,4.1352154398443005e-05
4122132,4.1136918269671836e-05
1301242,4.09588040390737e-05
3242320,4.0946355285041964e-05
3232420,4.094635528504194e-05
0301422,4.0799693799395166e-05
0321342,4.077055446439621e-05
0342132,4.077055446439616e-05
0121342,4.0750231925838494e-05
3212131,4.061417133231298e-05
2124213,4.059818092999122e-05
3212123,4.056620442940962e-05
1312124,4.053256732017872e-05
0423244,4.051479702480312e-05
1321031,4.030801497056859e-05
2212124,4.028641765775199e-05
1421244,4.009855691004472e-05
1240044,4.0047887103323516e-05
3121213,3.990576681106575e-05
2041232,3.9889888800356586e-05
0321423,3.986688536703746e-05
2124204,3.985541892704925e-05
2120424,3.985541892704913e-05
4240040,3.985442464839081e-05
0121423,3.9847013272441455e-05
0042400,3.9742373275186416e-05
4004240,3.973855857930564e-05
1032042,3.9629455953436224e-05
3012042,3.9587640578590794e-05
0142044,3.951111665574553e-05
2121212,3.948539645493339e-05
4242441,3.945000844201016e-05
3121204,3.9175672836248634e-05
3122120,3.91756728362486e-05
0421223,3.911750011655444e-05
3242044,3.905343751112424e-05
3204244,3.905343751112421e-05
0424214,3.9043106383085194e-05
1321242,3.8844012232532894e-05
1324212,3.884401223253282e-05
0322321,3.8839617955276046e-05
0122321,3.882025791360303e-05
1232040,3.8728607404168655e-05
0142122,3.867383018257255e-05
1412142,3.860724199208562e-05
1421412,3.8607241992085616e-05
2121241,3.85717175154828e-05
4121421,3.855768840592145e-05
1031223,3.846879779092304e-05
0312232,3.846000621651134e-05
2413210,3.83237596926656e-05
3212422,3.822584979084119e-05
3242122,3.822584979084108e-05
4242320,3.8150424393175054e-05
4232420,3.8150424393175054e-05
1413240,3.811719936919629e-05
0141301,3.8040674184089376e-05
3014130,3.802817734048431e-05
1324241,3.7945174710636905e-05
4212131,3.784092288357814e-05
2422324,3.783362359442599e-05
2232424,3.782857657095585e-05
4212123,3.7796231294061806e-05
4412214,3.776251246542963e-05
3123244,3.7745876319363285e-05
4131240,3.769620200460171e-05
0412213,3.768810819600195e-05
1214210,3.7681399021990614e-05
1312120,3.738525972017754e-05
1210321,3.720071941481882e-05
2212120,3.715822329815263e-05
2124223,3.707642501051684e-05
1210312,3.6837125988214605e-05
1221031,3.6837125988214564e-05
2120420,3.6760691127068865e-05
4123214,3.671796445457843e-05
0042040,3.665642334107496e-05
0441232,3.649267636106196e-05
3121223,3.644407549217673e-05
4242044,3.6386760303572284e-05
4204244,3.638676030357226e-05
2424221,3.637848320955544e-05
3124214,3.63747660825617e-05
1030141,3.633185771252236e-05
2324242,3.630367073235167e-05
3210324,3.6184526733910854e-05
0044122,3.60887443517267e-05
0041214,3.6053063125094855e-05
2421323,3.602094501289922e-05
0312322,3.59621871284636e-05
4212422,3.561568257195031e-05
4242122,3.561568257195018e-05
0301413,3.5564776683611984e-05
0324134,3.55579776143442e-05
0124134,3.554025334297748e-05
1242212,3.549918728427472e-05
1221242,3.5499187284274684e-05
3204412,3.517639382490129e-05
2422320,3.489588589491842e-05
2232420,3.48912307670615e-05
4122322,3.4665550354027875e-05
2421214,3.450615940149286e-05
2214123,3.447053493861731e-05
0412232,3.441879131793932e-05
3213210,3.399682677974432e-05
1242413,3.3953350011248885e-05
4210324,3.371374672434349e-05
2420421,3.355373550044729e-05
2042421,3.3549259416094454e-05
2424004,3.346823239695866e-05
2400424,3.3468232396958637e-05
3423240,3.3446232176658255e-05
0421324,3.340561561253647e-05
3210320,3.3374839523809455e-05
1242323,3.3076818627547945e-05
1232423,3.307681862754789e-05
1032324,3.2812836874672585e-05
3012324,3.277821411640743e-05
4204412,3.277445193105351e-05
1204212,3.274271590038481e-05
1212042,3.274271590038481e-05
2321030,3.269675151597577e-05
0412322,3.218343250240766e-05
0301421,3.204119938693881e-05
1242041,3.198506034606515e-05
1204241,3.198506034606503e-05
4213210,3.1675429000693196e-05
2132424,3.166257553519373e-05
1242134,3.1589209469577756e-05
1320412,3.152425952955836e-05
0042423,3.130703497117846e-05
2103244,3.130000180284598e-05
1032441,3.129592525456998e-05
3012441,3.126290307916618e-05
3121324,3.11225608389709e-05
4210320,3.109591276253536e-05
3204122,3.102258341210016e-05
2420400,3.086946234251135e-05
2400420,3.0869462342511314e-05
2042400,3.086534434148071e-05
0323213,3.082194215988817e-05
0421320,3.0811707679946436e-05
0123213,3.080657861832745e-05
0324413,3.063516877096459e-05
0124413,3.061989832868717e-05
0321340,3.0501936941510496e-05
0121340,3.0486732910127498e-05
0400412,3.0447416800460334e-05
0142121,3.0371696170788183e-05
2412214,3.0361354792222903e-05
1032320,3.0264957534647655e-05
0323204,3.0258040847838808e-05
0123204,3.0242958389189698e-05
3012320,3.0233023194053164e-05
3212421,3.001988399485667e-05
3242121,3.0019883994856613e-05
1412213,2.9848084912515797e-05
1034242,2.984775667961092e-05
1301244,2.9834120682668136e-05
1030122,2.9792376813589455e-05
1424242,2.9524580247132163e-05
3421031,2.93425158648469e-05
0324132,2.9280052750779203e-05
0124132,2.926545778122792e-05
2132420,2.9204012675596304e-05
2321210,2.8975889035867734e-05
4204122,2.8904275232932514e-05
1032044,2.8865832370872043e-05
0320441,2.88592354370499e-05
0120441,2.8844850228591965e-05
3012044,2.8835374329706108e-05
1232130,2.874244386200212e-05
4412142,2.8738864376553526e-05
3121320,2.8705929504315104e-05
4121342,2.8577328602523976e-05
1244130,2.856827172131733e-05
2141213,2.8471646590706818e-05
2042040,2.8468685574340857e-05
4413240,2.837408130085923e-05
0044121,2.834155224505826e-05
1321244,2.829372038399567e-05
3421242,2.8276784307528647e-05
3424212,2.827678430752857e-05
1032122,2.8254131841332696e-05
0322122,2.824767470420374e-05
0312321,2.8242163135807395e-05
0122122,2.82335943350284e-05
3012122,2.8224319241450793e-05
0322323,2.814824213775006e-05
0323223,2.814824213775006e-05
0123223,2.813421133184882e-05
0122323,2.8134211331848812e-05
2044122,2.8027805827166884e-05
2041214,2.8000094514133502e-05
4212421,2.7970042917496076e-05
4242121,2.7970042917496002e-05
2141204,2.7950744994518636e-05
4121423,2.7943919293221624e-05
1242141,2.763963935048536e-05
3424241,2.762246892470934e-05
3212400,2.7618316252550564e-05
3221240,2.7618316252550534e-05
0342042,2.7523820761902105e-05
1412232,2.7258863737633736e-05
1321412,2.7241441934477544e-05
4122321,2.7223876145066596e-05
0042130,2.7204572038116317e-05
1213124,2.7142734010307086e-05
1232124,2.7110677394498018e-05
1212324,2.7110677394497957e-05
1210323,2.696048295306609e-05
3214122,2.680792244733979e-05
1223210,2.660516702007387e-05
1421030,2.6591191592471617e-05
2324244,2.644335251633781e-05
3241221,2.6413961002851653e-05
2423242,2.6364583584878996e-05
2424232,2.6364583584878976e-05
0141324,2.629178258846247e-05
2421034,2.6096967780672806e-05
1242132,2.6011988917264228e-05
1213242,2.6011988917264174e-05
2141223,2.6001826819941368e-05
1212441,2.5857372118710957e-05
1221244,2.585737211871093e-05
4221240,2.5732460892426143e-05
4212400,2.5732460892426143e-05
0042124,2.5660113653584724e-05
0441214,2.5615473442339753e-05
1412322,2.5488512745513427e-05
3212040,2.5473785511276394e-05
0412321,2.527459600152732e-05
0142103,2.5174695909223507e-05
0142210,2.5174695909223507e-05
3014210,2.5166425702547875e-05
2131240,2.507770962752249e-05
2123240,2.504809188516105e-05
1213120,2.503513168744803e-05
1212320,2.5005564231276178e-05
1232120,2.5005564231276175e-05
4214122,2.497740302758889e-05
4124134,2.492367406025065e-05
1221412,2.4895704474003405e-05
3242103,2.488308346530745e-05
3242210,2.4883083465307442e-05
4241221,2.4610342364994055e-05
2424131,2.4554341185105093e-05
3204121,2.436294707240617e-05
2420423,2.4317403754593596e-05
2042423,2.4314159801310183e-05
0141320,2.4250255672474376e-05
0424130,2.41136395204458e-05
2441221,2.3867262542682273e-05
1212044,2.3849576679985738e-05
2324412,2.381817943427986e-05
0423210,2.380975279663779e-05
1342412,2.3743157843214772e-05
4212040,2.3734364667883594e-05
0042120,2.366763510958153e-05
1421210,2.35651366325638e-05
1030121,2.3396829652412354e-05
0301221,2.339148259243908e-05
1212122,2.334417643733909e-05
0301423,2.3221223230517547e-05
4242210,2.3183997398641805e-05
4242103,2.3183997398641805e-05
2412142,2.3106271291162365e-05
0424213,2.2972104281184887e-05
3204210,2.295094042874149e-05
3420412,2.294831650849138e-05
2421301,2.2909777756024294e-05
2422130,2.2909777756024294e-05
2413240,2.2812982850847595e-05
0342324,2.2789478661760718e-05
4204121,2.2699377363637914e-05
4004124,2.257570961506185e-05
0424204,2.255181928819202e-05
0420424,2.2551819288192005e-05
3124130,2.2465630381690965e-05
1214240,2.2430604840921482e-05
0421212,2.23424455029359e-05
4412213,2.22186310116763e-05
1032121,2.2188800638656235e-05
0321221,2.218372965897597e-05
0322121,2.218372965897597e-05
3123210,2.218251232275231e-05
0121221,2.217267193098402e-05
0122121,2.217267193098402e-05
3012121,2.216538792723355e-05
0142131,2.2037310828741153e-05
0142123,2.201128391463464e-05
2044121,2.2011060163887147e-05
2121031,2.197479314388695e-05
1031212,2.1971931121524447e-05
0312212,2.19669097047265e-05
0421241,2.182544874604239e-05
3242131,2.1782040453628e-05
3212423,2.175631502368076e-05
3242123,2.1756315023680722e-05
1034244,2.17409076211534e-05
1312424,2.1738274895075945e-05
0342441,2.1735939001957967e-05
2422124,2.1609143498904876e-05
2212424,2.1606260828833998e-05
4123213,2.1604041957297837e-05
1424244,2.1505508055307495e-05
2421032,2.1489427816761916e-05
4124413,2.1473126776486752e-05
1031241,2.1463507944168014e-05
3124213,2.1402111590545133e-05
4204210,2.1383786456296058e-05
4121340,2.137974051229081e-05
0041213,2.121282865250269e-05
4123204,2.120878628060839e-05
2124212,2.1176660133518946e-05
2121242,2.1176660133518946e-05
2042130,2.1128040789233395e-05
3214121,2.105304987111303e-05
0342320,2.1019901649141674e-05
3124204,2.1010550320851955e-05
3120424,2.101055032085189e-05
0312413,2.1010345050926698e-05
2324122,2.1005605688359354e-05
0424223,2.0979351345417743e-05
1324242,2.083267534642728e-05
0041204,2.082473039940195e-05
4004120,2.082273152498338e-05
3121212,2.0815485860873086e-05
0420420,2.0800696254733366e-05
0142422,2.0741403945950227e-05
0321322,2.0698451360595584e-05
0121322,2.0688133986172135e-05
2124241,2.068663926228406e-05
3421244,2.0596621784752305e-05
0044123,2.0539977403285045e-05
4124132,2.0523284511349044e-05
4132412,2.052328451134901e-05
3242422,2.0501144777905514e-05
0312323,2.0467947119252115e-05
3121241,2.033382244216541e-05
2421213,2.030266455585352e-05
4242131,2.029470221880247e-05
4412232,2.029123935284995e-05
4212423,2.0270733392679818e-05
4242123,2.0270733392679767e-05
3213240,2.023728967432106e-05
4120441,2.0228320785344838e-05
1312420,2.005032265539325e-05
0342044,2.004816814171035e-05
1412321,2.0016878630781158e-05
2422120,1.9931218164780752e-05
2421204,1.9931218164780752e-05
2212420,1.9928559330751464e-05
2042124,1.9928559330751443e-05
3421412,1.983060795048716e-05
4122122,1.9799659162942648e-05
0312041,1.979236670675789e-05
4123223,1.972996383594335e-05
4122323,1.9729963835943342e-05
0412212,1.965871967806405e-05
0342122,1.9623324163161078e-05
4214121,1.9615489138469208e-05
0312134,1.9547414043737702e-05
3124223,1.954555025068537e-05
3120420,1.9379105063938644e-05
0041223,1.9372686972150708e-05
1424412,1.937054121145164e-05
2423244,1.9203787485328136e-05
3241232,1.914299391362467e-05
3232412,1.9142993913624662e-05
4242422,1.9101269658272547e-05
4412322,1.897340688318345e-05
1213244,1.8946959872499147e-05
3212130,1.890537509829839e-05
4213240,1.88554313141763e-05
0412413,1.88026667950794e-05
1321030,1.8762863244242606e-05
2421223,1.8541476555731567e-05
2424214,1.8506214341609923e-05
2103210,1.8394398101114547e-05
1032103,1.8392002393525156e-05
1032210,1.8392002393525136e-05
0322103,1.838779912576248e-05
2042120,1.8381129439540896e-05
0122103,1.837863352177122e-05
3012103,1.8372595907724624e-05
3012210,1.8372595907724607e-05
1212121,1.8332868266863064e-05
0412323,1.831726174557177e-05
2412213,1.7863952769576818e-05
4232412,1.783585710808156e-05
4241232,1.783585710808155e-05
3212124,1.7832078850801032e-05
0412041,1.7712668467421352e-05
3204123,1.765656228063184e-05
4212130,1.7614463565594207e-05
1242042,1.7560450919169724e-05
1204242,1.7560450919169677e-05
1301210,1.7532928473626908e-05
0321424,1.7524672406508457e-05
0121424,1.7515937037677412e-05
0412134,1.7493454394916967e-05
2441232,1.7297324757166214e-05
2321240,1.7248476270709474e-05
2120412,1.7186137364543105e-05
1210301,1.714720900377933e-05
1221030,1.7147209003779314e-05
0312141,1.7103418650721446e-05
1424122,1.7083167577126375e-05
1030123,1.6956387858143984e-05
0301232,1.6952512682568738e-05
1321210,1.662766538427205e-05
4212124,1.6614454967598562e-05
2324121,1.649631988449179e-05
2041213,1.6474639203922897e-05
4204123,1.6450923156442816e-05
3212120,1.6447438276528646e-05
2412232,1.6314314830873204e-05
2232412,1.631213849347734e-05
0142421,1.628883448647555e-05
0321321,1.625510255803759e-05
0121321,1.6247000020487263e-05
2041204,1.6173228260561832e-05
0321420,1.616390159184864e-05
0121420,1.615584451443925e-05
3242421,1.610015189621614e-05
1032131,1.609990742174437e-05
0321312,1.609622798432371e-05
0322131,1.6096227984323694e-05
0312132,1.6096227984323683e-05
0121312,1.6088204639580366e-05
0122131,1.608820463958035e-05
3012131,1.6082919460450935e-05
1032123,1.6080892810077593e-05
0321232,1.607721771821445e-05
0323212,1.6077217718214444e-05
0322123,1.6077217718214434e-05
0123212,1.6069203849350724e-05
0121232,1.606920384935072e-05
0122123,1.6069203849350704e-05
3012123,1.60639249122217e-05
2044123,1.595207892917794e-05
1301412,1.5867294333575185e-05
1223240,1.583725667419415e-05
2421324,1.5834075205830985e-05
0323241,1.5705196248179026e-05
0123241,1.5697367817575055e-05
1412212,1.556923821091258e-05
4122121,1.55492546133442e-05
4121221,1.55492546133442e-05
2324210,1.554024042482323e-05
2121244,1.5424938518139882e-05
0342121,1.5410773552317684e-05
4212120,1.532436149840526e-05
0412141,1.5306263708033558e-05
3214123,1.5257779986214226e-05
2412322,1.5254767238406071e-05
1212103,1.5195871220588266e-05
1212210,1.5195871220588252e-05
1221210,1.5195871220588249e-05
1324244,1.5174382285069588e-05
3424242,1.5165299191887346e-05
1032422,1.5153150305947636e-05
2214124,1.5152546453399149e-05
3012422,1.5137161323891577e-05
0441213,1.5071580661529627e-05
2041223,1.5045519553521032e-05
4242421,1.5000788796936221e-05
0142400,1.4985740195065724e-05
3014240,1.4980817189479185e-05
4412321,1.4900374399442453e-05
1412413,1.4891264697144105e-05
2141212,1.4851265979940843e-05
2121412,1.4851265979940842e-05
3242400,1.4812152067609013e-05
0441204,1.4795839306049604e-05
2421320,1.4604577334634185e-05
1242324,1.4539897094056581e-05
1232424,1.4539897094056547e-05
4121322,1.450817762637115e-05
2141241,1.4507612625325595e-05
1412323,1.450683544802078e-05
2400412,1.4431905492585658e-05
0412132,1.4404904379879365e-05
4214123,1.4215936381141305e-05
0423240,1.4173230564760338e-05
1412041,1.4028011957865218e-05
1421240,1.4027617910865974e-05
1240040,1.4009892168518265e-05
2214120,1.3975968512124448e-05
0320422,1.3973331311829147e-05
0120422,1.3966366148659425e-05
1242441,1.3867729096473445e-05
1412134,1.3854399628583504e-05
0142040,1.3822114569405159e-05
4242400,1.3800737174816658e-05
0441223,1.3764171630023801e-05
0042424,1.3761936174292533e-05
1324412,1.3667940169342782e-05
3242040,1.3662005361961057e-05
3204240,1.3662005361961045e-05
3421030,1.365856425368831e-05
2132412,1.3653284474542336e-05
3244122,1.3450428980812642e-05
3241214,1.3437130435424565e-05
1424121,1.3415913883826976e-05
1242320,1.3410890676430129e-05
1232420,1.3410890676430096e-05
1212131,1.3302092649267472e-05
1212123,1.3286382364763617e-05
3123240,1.3204583195017572e-05
4122103,1.2888570803053454e-05
1242044,1.2790915756836845e-05
1204244,1.2790915756836802e-05
1034210,1.2776705649476635e-05
0342103,1.2773785689277615e-05
0342210,1.2773785689277613e-05
4242040,1.2729125681451072e-05
4204240,1.2729125681451062e-05
0042420,1.2693337534341154e-05
1424210,1.2638365934537534e-05
4244122,1.253199632338748e-05
1212422,1.251986138912545e-05
1242122,1.251986138912544e-05
4241214,1.2519605839623169e-05
0421031,1.2434232965495288e-05
0322324,1.2373395055611894e-05
0122324,1.2367227398551283e-05
4121424,1.2283578886564294e-05
2441214,1.2141591330733058e-05
1412141,1.2122196648204534e-05
3421210,1.210423127235645e-05
1324122,1.205395914332957e-05
0421242,1.1982616801311803e-05
0424212,1.198261680131177e-05
2412321,1.198001732783488e-05
2324123,1.1955380380547203e-05
1032421,1.1900214562402394e-05
0301214,1.1899555793189582e-05
0324221,1.189749491354804e-05
0124221,1.1891564474232312e-05
3012421,1.1887657944586306e-05
1210324,1.1851280262400124e-05
0142423,1.1805009456967732e-05
1031242,1.1783903914164105e-05
0321323,1.1780562911418845e-05
0121323,1.1774690758166477e-05
0424241,1.1705343034455652e-05
3242423,1.1668265495069974e-05
4412212,1.1589593099693471e-05
3121031,1.158443467838194e-05
1204412,1.1521093115438647e-05
2424130,1.1429730440583424e-05
0322320,1.1412615049037876e-05
1412132,1.1408341507916845e-05
0122320,1.140692630351e-05
4121321,1.1393698549634077e-05
2124242,1.1357387152549131e-05
4121420,1.1329773003026043e-05
2423210,1.1285689830925453e-05
0321214,1.1285155942331986e-05
4121312,1.128233850169624e-05
4122131,1.128233850169623e-05
0121214,1.1279530730220432e-05
4123212,1.1269013624746136e-05
4121232,1.1269013624746132e-05
4122123,1.1269013624746122e-05
0342131,1.1181858430758657e-05
0342123,1.116865222464802e-05
3121242,1.1163683517598408e-05
3124212,1.1163683517598407e-05
1213210,1.113475727240701e-05
4412413,1.108491605316728e-05
0041212,1.1064950511434636e-05
3424244,1.1046303154943601e-05
4123241,1.100825239802109e-05
0320421,1.0973668009947423e-05
0120421,1.0968198062477205e-05
2103240,1.094963259861737e-05
1032400,1.094820650585949e-05
0324004,1.0945704426831857e-05
0124004,1.0940248418122218e-05
3012400,1.0936654407857827e-05
1210320,1.0931041873724813e-05
3124241,1.0905359594515495e-05
2424213,1.088864911347325e-05
4242423,1.0871523911476852e-05
0312042,1.0866413268186581e-05
0041241,1.08089112372716e-05
4412323,1.0798750570142092e-05
2424204,1.068943637439013e-05
2420424,1.0689436374390123e-05
2042424,1.0688010398468741e-05
2421212,1.0590194369682672e-05
3244121,1.056301743177463e-05
0342422,1.0524307815103904e-05
4412041,1.0442318910333043e-05
1301240,1.0436825609010819e-05
2421241,1.0345140794715759e-05
4412134,1.0313083540804509e-05
0142130,1.0258085138959245e-05
2121030,1.0228983959649816e-05
0301424,1.0207577698800912e-05
1204122,1.0160622886796762e-05
3242130,1.0139260058090048e-05
1032040,1.0098090763866541e-05
0320400,1.0095782968420241e-05
0120400,1.0090750612560932e-05
3012040,1.0087435673092387e-05
3424412,9.949677540597114e-06
2424223,9.944095352885283e-06
1321240,9.897949687165653e-06
2420420,9.859413837818716e-06
2042420,9.858098587300424e-06
4244121,9.841745256431196e-06
1242121,9.832215335688428e-06
1212421,9.832215335688427e-06
4120422,9.794335294576246e-06
0412042,9.724616489833909e-06
0420412,9.724616489833907e-06
1424123,9.722917278331934e-06
0142124,9.675712970784472e-06
3242124,9.563633829244296e-06
3212424,9.56363382924429e-06
1324121,9.466328600710302e-06
4242130,9.44692321346148e-06
0301420,9.414970938531772e-06
1312412,9.373806334812362e-06
2412212,9.318123319242141e-06
2212412,9.316880277137775e-06
2324240,9.250638276426427e-06
2121210,9.0649342953738e-06
3120412,9.060002720828023e-06
1212400,9.045645634431679e-06
1221240,9.045645634431669e-06
0044124,9.028956536626633e-06
4412141,9.023648088876134e-06
0312324,8.9972934879735e-06
0142120,8.924404899725784e-06
1324210,8.917687303925039e-06
2412413,8.912359034381586e-06
4242124,8.910602342667624e-06
4212424,8.910602342667624e-06
3212420,8.82102857563078e-06
3242120,8.821028575630764e-06
1214122,8.780222676737855e-06
3424122,8.774768185821551e-06
0421244,8.728058451205402e-06
2412323,8.68227975225306e-06
4122324,8.672891038110714e-06
1241221,8.651191073656735e-06
1032423,8.624444282109089e-06
0323242,8.622473270587552e-06
0324232,8.62247327058755e-06
0124232,8.618175302414059e-06
0123242,8.618175302414044e-06
3012423,8.615344122598628e-06
2041212,8.593435155270584e-06
1031244,8.583317304693646e-06
0312441,8.581355692241043e-06
0321034,8.53495016933599e-06
0121034,8.530695828030526e-06
4412132,8.492261100252624e-06
0421412,8.403451164157597e-06
2412041,8.395705915500264e-06
2041241,8.394585924318415e-06
1212040,8.343261573060095e-06
4124221,8.339318073003694e-06
0044120,8.327868364655395e-06
0312320,8.298663915598944e-06
2412134,8.291799669602248e-06
2124244,8.272645329821947e-06
0342421,8.265048428335547e-06
4121323,8.257356856314429e-06
4212420,8.218704238801313e-06
4242120,8.21870423880129e-06
1242210,8.14979281361409e-06
1242103,8.14979281361409e-06
3121244,8.131552889322992e-06
0412324,8.051895916123554e-06
0324131,8.030437873742264e-06
0124131,8.026435012229398e-06
4122320,7.999450945786782e-06
1204121,7.979435958810442e-06
2141242,7.964975419929085e-06
0320423,7.952948060379203e-06
0120423,7.948983824529877e-06
0312044,7.91502321507131e-06
4121214,7.910110959525392e-06
3241213,7.90611173644182e-06
0441212,7.861577391718831e-06
3121412,7.829130381769284e-06
3204124,7.761465861815862e-06
3241204,7.761465861815838e-06
0312122,7.747294676023156e-06
1412042,7.701664865232091e-06
4120421,7.691779540774442e-06
0412441,7.679663105968339e-06
0441241,7.679663105968336e-06
4124004,7.672179010095013e-06
3244123,7.65533720535676e-06
1034240,7.605589044741356e-06
0342400,7.603850880154175e-06
1424240,7.523239568338058e-06
1204210,7.516970701505901e-06
1032130,7.4943001142508155e-06
0321301,7.492587383390961e-06
0322130,7.492587383390953e-06
0121301,7.488852619466448e-06
0122130,7.4888526194664405e-06
3012130,7.486392436465643e-06
1030124,7.4536834186039515e-06
2124412,7.4513755674556516e-06
0412320,7.426675386393693e-06
4241213,7.366260463121181e-06
2412141,7.255083501060566e-06
4204124,7.2314914106551555e-06
4241204,7.231491410655134e-06
3241223,7.22028308180692e-06
3421240,7.205285250022268e-06
3204120,7.1587968943882375e-06
2441213,7.143845047892165e-06
1242131,7.1341285738292844e-06
4244123,7.132609513694933e-06
1242123,7.125702892807728e-06
1212423,7.125702892807725e-06
0412044,7.083346029185741e-06
4120400,7.07644306481675e-06
1032124,7.068833592247324e-06
0322124,7.06721809657033e-06
0122124,7.063695362721106e-06
3012124,7.0613748492676815e-06
0321032,7.028065372385463e-06
0121032,7.024562154649212e-06
0342040,7.0134205361954296e-06
2441204,7.0131451856094315e-06
2044124,7.0122096286897425e-06
0301213,7.001436665893899e-06
0412122,6.933241696101082e-06
1214121,6.895367078741409e-06
3424121,6.891083506617979e-06
1030120,6.8749134066758854e-06
0301204,6.873342229091463e-06
1324123,6.860533744568048e-06
2412132,6.827844214258896e-06
4241223,6.727262094324242e-06
2423240,6.718032119958214e-06
1242422,6.714605230287605e-06
3214124,6.707009926841843e-06
4204120,6.669974354597187e-06
0321213,6.639937319357277e-06
0121213,6.636627568387093e-06
1213240,6.6281865020770765e-06
2124122,6.571478623617176e-06
2441223,6.524140469782941e-06
1032120,6.519946730177086e-06
0321204,6.518456675895946e-06
0322120,6.51845667589594e-06
0121204,6.515207478310262e-06
0122120,6.5152074783102564e-06
3012120,6.513067150078512e-06
3424210,6.491696040706142e-06
2044120,6.46771955277517e-06
0424242,6.426472222488432e-06
0301223,6.394085536899796e-06
1412324,6.376909972803842e-06
0323244,6.280552232247426e-06
0123244,6.2774216207906946e-06
1241232,6.269779002503097e-06
1232412,6.2697790025030846e-06
4214124,6.249036656303516e-06
1212130,6.191953273379698e-06
3214120,6.186218259507123e-06
0312121,6.084178343208733e-06
1412441,6.082110444343672e-06
0321223,6.0639450452278005e-06
0121223,6.060922404044416e-06
0324214,6.05241262341857e-06
0124214,6.049395730699746e-06
4124232,6.043755236030485e-06
4123242,6.043755236030475e-06
0342423,5.989929785326748e-06
3124242,5.9872649869471074e-06
4121034,5.982407617445543e-06
0041242,5.934312870387342e-06
0042412,5.93431287038732e-06
2421031,5.89375697146525e-06
1412320,5.881750190217443e-06
3014122,5.8640822098190805e-06
1212124,5.8404236063700444e-06
2141244,5.80163516703169e-06
0421030,5.787975737554667e-06
1204123,5.782937817511543e-06
4214120,5.763806090824909e-06
4412042,5.733046201045544e-06
2421242,5.679693432245017e-06
2424212,5.6796934322450025e-06
4124131,5.628779518818982e-06
1412044,5.609841508741371e-06
4120423,5.574464538585911e-06
2424241,5.548267215529624e-06
1412122,5.490962448631829e-06
0412121,5.444878598228745e-06
2121240,5.396083063948451e-06
3121030,5.3924055498899664e-06
1212120,5.386921377943383e-06
1324240,5.308431353424785e-06
1242421,5.273176951916651e-06
2324124,5.255342190275994e-06
4121301,5.25178365982911e-06
4122130,5.251783659829106e-06
0342130,5.205011477394668e-06
0142424,5.189242188960776e-06
0321324,5.1784959844787704e-06
0121324,5.175914705276216e-06
2124121,5.160775418599973e-06
0421210,5.129309027281626e-06
3242424,5.129132322996487e-06
1031210,5.0442474899910155e-06
0312103,5.043094688767533e-06
0312210,5.043094688767528e-06
1214123,4.997280415697747e-06
3424123,4.994175981831181e-06
4122124,4.953629316661915e-06
4121032,4.92618597478409e-06
0342124,4.90951248529209e-06
2124210,4.861671654352263e-06
1242400,4.851326831864063e-06
2324120,4.847270866162554e-06
0142420,4.786303454521624e-06
4242424,4.7789009187479685e-06
3121210,4.77875439013153e-06
0321320,4.776391680554967e-06
0121320,4.774010834736949e-06
4412324,4.746911237209592e-06
3242420,4.73086105105706e-06
0424244,4.6809996616754335e-06
4121213,4.654135151415221e-06
2420412,4.609413897168489e-06
2412042,4.609413897168484e-06
2041242,4.60879899915154e-06
2042412,4.608798999151523e-06
0141221,4.60674958720297e-06
3014121,4.605236211576654e-06
4121204,4.568985652894856e-06
4122120,4.568985652894852e-06
0342120,4.528294443138418e-06
4412441,4.527465267242985e-06
0412103,4.5131876139629715e-06
0412210,4.513187613962967e-06
1242040,4.474626839302438e-06
1204240,4.474626839302423e-06
0312131,4.414601296313005e-06
0312123,4.409387481903136e-06
4242420,4.40782471569335e-06
1244122,4.405330617513129e-06
4123244,4.402231151969895e-06
1241214,4.400975032330675e-06
4412320,4.378318996422451e-06
3124244,4.3610840299265025e-06
0041244,4.322514060101708e-06
1412121,4.312214290329172e-06
1424124,4.273996791312676e-06
4121223,4.250404549598474e-06
4124214,4.242321122430155e-06
0441242,4.216291780881573e-06
0424412,4.21629178088156e-06
4412044,4.1759127556101635e-06
0312422,4.155000102268571e-06
2421244,4.137050953355609e-06
3212412,4.123954260634661e-06
3241212,4.123954260634652e-06
4412122,4.087420311980012e-06
3241241,4.028527330845559e-06
2421412,3.983188912461298e-06
0412131,3.950733650803981e-06
0412123,3.946067681975648e-06
1424120,3.942125817598601e-06
3124412,3.928135885515448e-06
3424240,3.864311634275453e-06
4212412,3.842359206967781e-06
4241212,3.842359206967771e-06
1242423,3.821630322128069e-06
2412324,3.8165536885833505e-06
1032424,3.7911303915683386e-06
3012424,3.787130146432568e-06
4241241,3.753448293050079e-06
2124123,3.7401695420530578e-06
0324130,3.738065685606915e-06
0124130,3.736202404986265e-06
2441212,3.726343771082048e-06
0412422,3.7184102530020533e-06
0424122,3.7184102530020355e-06
0323210,3.690957552734018e-06
0123210,3.6891177536887105e-06
0301212,3.652061282638981e-06
2412441,3.6401174157591006e-06
2441241,3.6401174157591e-06
4121324,3.6297662212206154e-06
1412103,3.5743372001349676e-06
1412210,3.574337200134964e-06
0301241,3.5675537993891013e-06
0324213,3.5611063467574546e-06
0124213,3.5593312734970955e-06
2412320,3.5202026498000116e-06
1032420,3.4967534427872536e-06
0324204,3.4959543024486684e-06
0320424,3.4959543024486663e-06
0124204,3.494211704952987e-06
0120424,3.4942117049529756e-06
3012420,3.4930638121215273e-06
3124122,3.464281295264604e-06
0321212,3.4634974449316617e-06
0121212,3.4617710259193656e-06
1244121,3.4596356868545185e-06
2141210,3.4095073723000066e-06
0321241,3.3833532661620037e-06
0121241,3.381666795911373e-06
3244124,3.365130620315696e-06
2412044,3.357466452226086e-06
2041244,3.3570185645966617e-06
4121320,3.3479190161315964e-06
0141232,3.3386503182880724e-06
3014123,3.33755352934375e-06
1242130,3.3208452188811433e-06
2412122,3.286317836785166e-06
0312421,3.263043771458697e-06
0324223,3.25219232476722e-06
0124223,3.2505712331537958e-06
0320420,3.2244974401572045e-06
0120420,3.222890153368546e-06
4412121,3.2099713747439155e-06
4244124,3.135350152896537e-06
1242124,3.1323141427500234e-06
1212424,3.1323141427500145e-06
1412131,3.1288870447585966e-06
1412123,3.12519170847207e-06
3244120,3.103832067656694e-06
0441244,3.0711189150972917e-06
0421240,3.05332357301228e-06
2424242,3.0461119369666137e-06
1324124,3.015751175454477e-06
1031240,3.0026889952193083e-06
0312400,3.002002767282576e-06
1412422,2.944892441774206e-06
0412421,2.920176923500406e-06
0424121,2.9201769235003947e-06
2124240,2.8940070850724954e-06
4244120,2.8918937913261833e-06
1242120,2.889093523903103e-06
1212420,2.889093523903102e-06
3121240,2.8446489286213553e-06
1324120,2.781581538006046e-06
0312040,2.7689006780401485e-06
0424210,2.7509318315825585e-06
2421030,2.7434681695724305e-06
3124121,2.7206019795094987e-06
0412400,2.6865650047299403e-06
4412103,2.6607026746900675e-06
4412210,2.660702674690065e-06
0342424,2.63305137232092e-06
4124130,2.6201245687912955e-06
1241213,2.5894368237408256e-06
4123210,2.5871050376457006e-06
2412121,2.580842041977482e-06
3124210,2.5629236798186714e-06
1204124,2.5420619109335246e-06
1241204,2.5420619109335238e-06
0041210,2.5402568638812696e-06
1244123,2.507302289484895e-06
4124213,2.496088355842497e-06
0412040,2.477956297798261e-06
4124204,2.450421295293583e-06
4120424,2.450421295293575e-06
2421210,2.4312638280327204e-06
0342420,2.428597937880479e-06
4121212,2.427671291158147e-06
4121241,2.371495785027123e-06
0312423,2.3648262011964425e-06
1241223,2.36481187126229e-06
1204120,2.3446737043401677e-06
0141214,2.3435142907912106e-06
4412131,2.329113808422424e-06
4412123,2.3263630351766683e-06
1412421,2.3127106385630577e-06
4124223,2.2795610696106784e-06
4120420,2.260148877931981e-06
0142412,2.237663822844308e-06
2424244,2.2187676928672643e-06
3241242,2.2117437236147103e-06
3242412,2.2117437236147043e-06
0323240,2.197116150110974e-06
1214124,2.1967028876796216e-06
0123240,2.1960209730091916e-06
3424124,2.195338241657783e-06
4412422,2.1921499729257004e-06
2412103,2.1392257196031493e-06
2412210,2.1392257196031468e-06
1412400,2.127695557631606e-06
0412423,2.1163402591243453e-06
0424123,2.1163402591243377e-06
4241242,2.0607197177245904e-06
4242412,2.060719717724585e-06
0312130,2.054940201373268e-06
2141240,2.029577312817886e-06
1214120,2.0261314151468e-06
3424120,2.024872732331336e-06
2441242,1.9984987531004137e-06
2424412,1.998498753100408e-06
2041210,1.9728540687945995e-06
3124123,1.971702280075408e-06
1412040,1.96248242553156e-06
0301242,1.9586598467486363e-06
0312124,1.9382771044763486e-06
0321031,1.9275389571843833e-06
0121031,1.9265781538474287e-06
2412131,1.8726256827777565e-06
2412123,1.8704140396159356e-06
0321242,1.8575299946232434e-06
0324212,1.8575299946232394e-06
0124212,1.856604088036155e-06
0121242,1.8566040880361547e-06
0412130,1.8390157704016718e-06
0324241,1.8145473684408659e-06
0124241,1.8136428870242107e-06
0441210,1.804836443652407e-06
0312120,1.7877720991151486e-06
2412422,1.7625056899137604e-06
2424122,1.7625056899137536e-06
0412124,1.7346111386396586e-06
4412421,1.7215598409619956e-06
1242424,1.6799110047720941e-06
1412423,1.6760911274612673e-06
2124124,1.6441025017588796e-06
0424240,1.6375470778707043e-06
1032412,1.6347811522354388e-06
3012412,1.6330561982832286e-06
3241244,1.6110194308043409e-06
0412120,1.5999205631189364e-06
4412400,1.5838363713705639e-06
1242420,1.5494678322269273e-06
4123240,1.5400259090041197e-06
3124240,1.5256314731282518e-06
2124120,1.5164398186109852e-06
0041240,1.5121385985405302e-06
0320412,1.5074976622883204e-06
0120412,1.5067462332295303e-06
4241244,1.5010145484985119e-06
3014124,1.467120686816821e-06
4412040,1.460853284476603e-06
1412130,1.4564567312568837e-06
2441244,1.4556932113369374e-06
2421240,1.4472583185884921e-06
0301244,1.4266748166877534e-06
2412421,1.3841475504401485e-06
2424121,1.3841475504401445e-06
0141213,1.3788722173967714e-06
1412124,1.3737707471823873e-06
0141204,1.3536451292235167e-06
3014120,1.3532004396421802e-06
0321244,1.3530125044275833e-06
0121244,1.3523380802223813e-06
4121031,1.3510710093905583e-06
1212412,1.3506916393160213e-06
1241212,1.3506916393160213e-06
1241241,1.319437084079541e-06
2424210,1.3039263222272715e-06
0321412,1.3026922962324452e-06
0121412,1.3020429546974376e-06
4124212,1.301999586288412e-06
4121242,1.301999586288412e-06
2412400,1.2734168058343866e-06
4124241,1.2718717489619464e-06
1412120,1.2670990162971361e-06
0141223,1.2592596810077687e-06
4412423,1.2476663213789929e-06
2412040,1.1745374439791971e-06
2041240,1.1743807601228012e-06
0342412,1.1354035107605992e-06
1244124,1.1021591188470795e-06
4412130,1.084172562196766e-06
0441240,1.0743649153375479e-06
4120412,1.0566512187213653e-06
0312424,1.0395295266422053e-06
4412124,1.0226219007264144e-06
1244120,1.0165777209613576e-06
2412423,1.0031334615347405e-06
2424123,1.003133461534738e-06
0324242,9.962235387163943e-07
0124242,9.957269599589172e-07
0312420,9.588112451234881e-07
4121244,9.483678466064639e-07
3241210,9.467645703506466e-07
4412120,9.432164770664727e-07
0412424,9.303001576472393e-07
0424124,9.303001576472383e-07
4121412,9.13096873625322e-07
0321030,8.972446268566626e-07
0121030,8.967973852440687e-07
4241210,8.821168552819632e-07
2412130,8.716832029379343e-07
3124124,8.667202422102604e-07
0412420,8.580634119874667e-07
0424120,8.580634119874635e-07
2441210,8.554823929750303e-07
0301210,8.384288507166459e-07
2412124,8.221959906580801e-07
3124120,7.994204044320305e-07
0321210,7.951389523550755e-07
0121210,7.947426064571534e-07
2424240,7.76188168026541e-07
0301412,7.587778260827054e-07
2412120,7.583534102054866e-07
1412424,7.367755886066815e-07
0324244,7.256426054976135e-07
0124244,7.252809008305318e-07
1241242,7.243978878020663e-07
1242412,7.243978878020644e-07
0141212,7.192417898160591e-07
0141241,7.02598774050022e-07
4124242,6.982835480525357e-07
1412420,6.795658048986887e-07
0324412,6.536041817020764e-07
0124412,6.532783853924956e-07
4121030,6.289062014332747e-07
0324122,5.764232213876468e-07
0124122,5.761358967903718e-07
3241240,5.635805067249956e-07
4121210,5.573372112454584e-07
4412424,5.484487527304708e-07
1241244,5.27646607707091e-07
4241240,5.25097664043707e-07
2441240,5.092429687653131e-07
4124244,5.086250961685107e-07
4412420,5.058623329252692e-07
0301240,4.99091507368868e-07
0321240,4.733223313575059e-07
0121240,4.7308639855120475e-07
4124412,4.581311616155546e-07
0324121,4.52682107335251e-07
0124121,4.5245646287930664e-07
0312412,4.4825767035775435e-07
2412424,4.409570783259192e-07
2424124,4.4095707832591915e-07
0324210,4.264459487487782e-07
0124210,4.2623338199931794e-07
2412420,4.0671726437762974e-07
2424120,4.0671726437762863e-07
4124122,4.040326659306373e-07
0412412,4.0115664895773067e-07
0141242,3.8574106642547186e-07
4121240,3.317660987399207e-07
0324123,3.2807237144743046e-07
0124123,3.2790884010707905e-07
1412412,3.1770652055655166e-07
4124121,3.172987344358921e-07
1241210,3.10087578269223e-07
4124210,2.9890900844263117e-07
0141244,2.8097122945826364e-07
0324240,2.5385046231466543e-07
0124240,2.5372392771448566e-07
4412412,2.3649771738921898e-07
4124123,2.2995595932966401e-07
2412412,1.9014601085609334e-07
1241240,1.84585819920755e-07
4124240,1.7793155312135574e-07
0141210,1.6512128919893421e-07
0324124,1.4421394554178666e-07
0124124,1.4414206048877912e-07
0324120,1.3301589723548413e-07
0124120,1.3294959397481334e-07
4124124,1.0108396525274428e-07
0141240,9.829174300782527e-08
4124120,9.32349106995225e-08
0241342,9.039757137473765e-08
0241340,6.76297160526923e-08
0244134,6.319555751641295e-08
0244132,5.203809051696539e-08
0241322,4.589316379913218e-08
0232214,4.523862847455061e-08
0241321,3.604125116760648e-08
0241312,3.568899018402155e-08
0232142,3.442850391645972e-08
0242214,2.6898221255545706e-08
0232213,2.6617413088457145e-08
0241323,2.6120181356609943e-08
0232232,2.430844184989311e-08
0240041,2.3288290069153344e-08
0232322,2.2729708614345815e-08
0242142,2.0470680634434367e-08
0232321,1.7850308615062992e-08
0241301,1.661276653382334e-08
0242213,1.582632123576312e-08
0242232,1.44534409928856e-08
0244131,1.4272127735615029e-08
0232212,1.3884068145312781e-08
0242322,1.3514749496145722e-08
0232413,1.327947655654247e-08
0232323,1.2936656836041422e-08
0240042,1.278574654310649e-08
0232041,1.2509659838703653e-08
0232134,1.235483881419621e-08
0241324,1.1481900761970533e-08
0232141,1.0810124558090943e-08
0242321,1.0613530224017412e-08
0241320,1.059034426999827e-08
0232132,1.0173535068009837e-08
0240044,9.313052818171906e-09
0242212,8.255262139739463e-09
0242413,7.895780898323516e-09
0242323,7.691945348844186e-09
0242041,7.438059232108651e-09
0242134,7.346004934429092e-09
0232042,6.86805856347521e-09
0244130,6.6434921467413774e-09
0242141,6.427540621111338e-09
0242132,6.049033899520754e-09
0232324,5.686691373048471e-09
0232441,5.423800107149643e-09
0232320,5.2451262771127435e-09
0232044,5.002648218021207e-09
0232122,4.8966362892901806e-09
0242042,4.083646323193189e-09
0232121,3.845472479325148e-09
0242324,3.381222816034547e-09
0240040,3.2579712733827503e-09
0242441,3.2249115467776706e-09
0232103,3.187461106877854e-09
0232210,3.1874611068778505e-09
0242320,3.1186747227410655e-09
0242044,2.9745008451725035e-09
0242122,2.9114677159444946e-09
0232131,2.7902252094753183e-09
0232123,2.7869298458790432e-09
0232422,2.626145659043968e-09
0242121,2.2864612184073767e-09
0232421,2.062389416310252e-09
0241221,2.011816483631072e-09
0232400,1.897399841562634e-09
0242210,1.8952173615183572e-09
0242103,1.8952173615183572e-09
0232040,1.7500689090209402e-09
0242131,1.6590267558506907e-09
0242123,1.6570673812604564e-09
0242422,1.5614674752129992e-09
0232423,1.4946757905672965e-09
0241232,1.458024061492391e-09
0232130,1.2988139967758132e-09
0242421,1.2262663282600743e-09
0232124,1.2250777084615975e-09
0232120,1.1299518223568285e-09
0242400,1.1281659605860984e-09
0242040,1.0405651611161998e-09
0244122,1.0244504689238611e-09
0241214,1.0234375866523547e-09
0242423,8.887121797382507e-10
0244121,8.045310805082323e-10
0242130,7.722556459625837e-10
0242124,7.284131364852186e-10
0242120,6.718526876419176e-10
0232424,6.570290942589727e-10
0232420,6.060115348369811e-10
0241213,6.021681455153794e-10
0241204,5.911512081151021e-10
0244123,5.830679304716262e-10
0241223,5.499320801940121e-10
0242424,3.906598087661006e-10
0242420,3.6032552040405026e-10
0241212,3.141005303365776e-10
0241241,3.068323485477396e-10
0232412,2.8331887031734354e-10
0244124,2.5630480982355804e-10
0244120,2.364030338145918e-10
0241242,1.684572215524683e-10
0242412,1.6845722155246788e-10
0241244,1.2270312074710086e-10
0241210,7.211022112676276e-11
0241240,4.2925048354545946e-11
