gram,public_r_prob
4134004,0.012093958247539551
3400413,0.009891137681280214
1340041,0.009638807514038263
2134004,0.008038773116504225
2142214,0.007375158048251375
2214221,0.007250639870769467
2322142,0.007236415344270083
1422142,0.005884760855903677
2142142,0.005612806274433675
4004134,0.005568125564579195
1340042,0.005291902045462799
2214232,0.0052547573194735644
4004413,0.004797248827222204
4004132,0.004585047328115539
4134221,0.004477345770510733
2142213,0.0043393806351446065
2141342,0.004272731171998706
0413400,0.004233015200410329
1322142,0.004154018939018478
3221422,0.0040861234529164835
3400441,0.0040398846586410546
2213400,0.004020386215925603
2142232,0.003962953931075619
1340044,0.003854586284174279
4221422,0.003807379836425523
1342214,0.0037918367014975665
2323221,0.003751898353626778
2214134,0.00373558734539358
2142322,0.0037055763862471154
2214214,0.003688496158274057
3221413,0.003561842126050431
1413400,0.0033514684560202257
4221413,0.0033188634772099252
4132214,0.003278715702130025
4134232,0.0032448674708358493
3214221,0.003208952913183012
3221421,0.00320895291318301
2141340,0.003196585832310459
0041342,0.003185824448452554
2214132,0.003076052179192097
3232214,0.0030558423980773324
1423221,0.003051099683524227
3422142,0.0030244718119873605
4221421,0.0029900473537997265
4214221,0.0029900473537997265
2134221,0.0029760617720503563
2142321,0.0029100981105166087
1342142,0.002885747626091826
4232214,0.0028473815986713516
2323232,0.002719113855747035
2232214,0.0026042837816746774
2322134,0.0025968234166658085
2320413,0.0025744388517283633
2321422,0.00255214059800561
4413400,0.0024977192552091644
4132142,0.0024952409080050654
2041342,0.0024728534281152304
0041340,0.0023834313197354587
3221342,0.0023783402392964577
3232142,0.002325624925377098
3214232,0.0023256249253770975
3221423,0.0023256249253770962
4134214,0.0022776848620452636
2322141,0.0022721449475543807
3223221,0.002265699534270543
2142212,0.002263490304131978
2122142,0.0022634903041319765
0441342,0.0022626818385851036
0413221,0.0022558598932371408
1342213,0.002231033239756859
0044134,0.00222716107421489
2321413,0.0022246811674502087
4221342,0.002216096693014397
1423232,0.0022112239306047556
2132214,0.002179340386618688
2214213,0.0021702299391149504
2141322,0.002169186058476274
4232142,0.00216697746653969
4214232,0.002166977466539689
4221423,0.002166977466539689
2142413,0.0021649250144187217
2134232,0.002156841693783843
1323221,0.0021537537685117417
2213221,0.0021425455828627447
2322132,0.002138342271573981
2214204,0.0021305246050458857
1422134,0.0021117755221429207
4223221,0.002111140013653591
2142323,0.0021090358394810897
1420413,0.0020935720601726743
1421422,0.002075438787769155
2142041,0.0020394234208980094
1342232,0.0020374985951330782
2142134,0.002014183276281847
2413400,0.0020071018284936472
2321421,0.0020042710655198896
0413422,0.0019954926710781897
2214223,0.001981969776722984
2232142,0.001981969776722984
3400422,0.0019560686879561305
4132213,0.0019291241398333013
3204134,0.0019132014777353237
2323214,0.0019086401904165337
1342322,0.0019051714484825126
2213422,0.001895256891117622
4004221,0.0018630628069199752
2041340,0.001850031728065827
1422141,0.0018477421499713594
0044132,0.0018339455197583445
1421413,0.0018091438962860693
2322322,0.0018019534473500947
3232213,0.001797990394173945
1413221,0.0017860657038634205
4204134,0.001782688363013065
3213400,0.0017793229686838882
3221340,0.0017793229686838869
4131221,0.001767657546814172
2142141,0.0017623517738177
4132232,0.001761779096207468
1422132,0.0017389318188109053
2044134,0.0017287339545693462
4004004,0.0017140192083585745
2141321,0.0017035256036170693
0441340,0.0016927947060296617
2141312,0.0016868756376682832
4232213,0.0016753366489645725
2132142,0.0016585699338389518
2142132,0.001658569933838951
4221340,0.0016579426616737366
4213400,0.0016579426616737363
3214134,0.0016532780703640408
3204413,0.001648329125997214
4132322,0.00164735879604794
3232232,0.0016420207628064848
3223232,0.0016420207628064848
0413232,0.0016348896782866604
3214214,0.0016324366819092588
1421421,0.001629903114990629
0041322,0.0016173837529552483
1413422,0.0015799212676320677
3204132,0.0015754169373333794
3423221,0.0015681121483679236
0413421,0.0015671190784804175
1323232,0.001560890291221953
2213232,0.0015527673811579017
1423214,0.0015521346614607127
4214134,0.0015404961846210764
3400421,0.0015361582651455899
4204413,0.001535884843037552
3232322,0.0015353782734314318
2232213,0.0015323032451215989
4223232,0.001530006818281329
4232232,0.0015300068182813283
4214214,0.0015210765358806026
2134214,0.0015139618859361557
1312214,0.0014970183464129807
1342321,0.0014961871661898643
1322134,0.001490690230026386
2213421,0.0014884009727217542
2212214,0.0014874689919569268
2321342,0.0014854809822856644
1320413,0.0014778405106186318
4204132,0.0014679465146568479
1422322,0.001465375411255658
1321422,0.0014650403376234905
4130142,0.0014534003749039493
2321423,0.0014525556694945916
4232322,0.001430639173512055
0400413,0.0014271893992862566
2044132,0.0014235180057437901
2322321,0.0014151270344431378
3400400,0.0014132667797127152
2232232,0.0013993810821004895
3214132,0.0013613842057327128
4004232,0.001350217787090666
1340040,0.0013484441278064229
4134213,0.001340139630724881
1221422,0.0013387208458348029
4413221,0.0013310853908217281
4134204,0.0013156211726674711
2232322,0.0013084970411919646
1322141,0.001304310586844581
2324134,0.0012955599993317375
1413232,0.0012944156650606079
3221221,0.0012940823984057192
4132321,0.001293719308422408
2132213,0.0012822759063887334
0422142,0.001281281474267794
4131232,0.0012810747186453107
1321413,0.001277064300929517
0041321,0.001270179025569127
4214132,0.0012685144818214687
0041312,0.0012577645144636383
4004131,0.0012575092685111347
2041322,0.0012554216413324217
1413421,0.0012407586341399118
2141323,0.00123459636584701
1322132,0.001227501998106783
4134223,0.0012238870162157168
1421342,0.0012080152839300253
3221322,0.0012074390551890688
4221221,0.0012058038106622575
3232321,0.0012057777108640867
3122142,0.0011940624418150185
3241342,0.00118655833856804
1421423,0.0011812399286383049
4413422,0.0011774539500112404
2131221,0.0011749501425148776
2123221,0.0011735624810766776
2132232,0.001171042775734156
1221413,0.0011669525795440336
1342212,0.0011637426008418179
3223214,0.0011525912439329783
1422321,0.0011508024045380474
1321421,0.0011505392613607866
0441322,0.0011487214386881994
0413214,0.0011475856887271797
1312142,0.0011392940887119446
3423232,0.001136458152143378
0413423,0.0011357384444550726
2212142,0.0011320266272884653
2214212,0.0011320266272884644
4221322,0.0011250710276896538
4232321,0.0011235230155071576
2323213,0.0011230018702739434
2142042,0.00111968508105349
2324413,0.0011161967551390664
3400423,0.0011133002095699113
1342413,0.0011130666043976363
2321340,0.001111342434380146
2214241,0.001105831907693049
4241342,0.0011056147336375795
2323204,0.001102456045328963
1323214,0.0010956429560168982
2132322,0.0010949883678985834
2213214,0.0010899412041102544
3422134,0.0010853466600190924
1342323,0.0010843319490372433
2213423,0.0010786890598789593
3420413,0.0010759909939253105
4223214,0.0010739647767271524
2441342,0.0010728600395961982
2413221,0.0010696253857304487
2324132,0.001066822909155835
3421422,0.0010666714017470633
1424134,0.0010535687087915517
2320441,0.0010514903701513106
1214221,0.0010513368496280287
1221421,0.0010513368496280272
1342041,0.0010485416755357938
1342134,0.001035564800182002
1322322,0.0010344000988623402
2322122,0.0010292080673940853
2232321,0.0010276012070137835
2322323,0.0010255852276160342
2323223,0.0010255852276160342
3221424,0.0010222974426625732
4132212,0.0010062619883157834
1232214,0.0010011738428930804
2041321,0.0009859195346511754
2041312,0.000976283326868134
2130142,0.0009660655032997145
4413232,0.0009646777146473451
2103400,0.0009626508996467508
4132413,0.0009624435967703346
1034004,0.0009624124668160896
3214213,0.0009604898063515111
4221424,0.0009525592446906455
3422141,0.0009496467546005526
3221321,0.0009482373986704655
3213221,0.0009482373986704653
0042214,0.000947957003629759
4004214,0.0009477646288365905
2413422,0.0009461711804102347
3214204,0.0009429172128010458
3221420,0.0009429172128010452
3221312,0.0009389694895966562
3221232,0.0009378605304117406
3232212,0.0009378605304117406
4132323,0.0009375973881537544
3421413,0.0009298091888741589
2142324,0.0009270892832538883
4413421,0.0009246892137658176
0041323,0.0009205370354358599
1423213,0.000913241865328739
1413214,0.000908595186706763
1424413,0.0009077078442339785
4132041,0.0009066503456119739
1342141,0.0009060890754057403
1421340,0.0009037602382128954
0441321,0.0009021247276518886
4131214,0.0008992307143612555
1413423,0.0008992151907490629
3232413,0.0008970207288354265
1423204,0.0008965336941367402
4132134,0.0008954295340801226
4214213,0.0008949679479666326
3422132,0.0008937237039437615
0441312,0.0008933075158852623
2134213,0.0008907818445648096
3241340,0.0008877075157766515
2142441,0.00088423067544708
4221321,0.0008835513643782978
4213221,0.000883551364378297
1312213,0.0008808126389129924
4221420,0.0008785941063221789
4214204,0.0008785941063221789
3214223,0.0008771705397334746
2212213,0.0008751940089753524
4221312,0.0008749156854664773
2134204,0.000874484589567246
4221232,0.0008738823762949071
4232212,0.0008738823762949066
3232323,0.0008738634609842691
1424132,0.0008675562964959672
2132321,0.0008599265669669645
2142320,0.0008551018583267748
1420441,0.0008550876471629946
1301422,0.0008533405207971473
1321342,0.0008527310609461493
1342132,0.000852731060946149
2131232,0.0008515217927574921
2123232,0.0008505161126755547
3232041,0.0008450200682397143
2214131,0.000843647589423631
3213422,0.0008387935727576895
3421421,0.0008376884206966724
1422122,0.0008369673463224774
4232413,0.0008358285487889621
3232134,0.0008345620002841453
1422323,0.0008340211989969281
1423223,0.0008340211989969278
1321423,0.0008338304912026613
3244134,0.0008295047598204751
4241340,0.0008271506564000271
0040041,0.000820734481432067
4214223,0.0008173324826257965
2142044,0.0008155711725094683
4232323,0.000814251003298928
2134223,0.0008135095096425586
1322321,0.000812344817499802
2122134,0.0008122646843122595
2322121,0.0008082673624993906
2321221,0.0008082673624993904
2120413,0.0008052629792846114
1312232,0.0008044050991173332
2441340,0.0008026456766342711
2232212,0.0007992738664666886
2212232,0.0007992738664666883
2121422,0.0007982882716843238
2142122,0.0007982882716843229
3423214,0.0007977193376153921
0413122,0.0007878211468222984
4232041,0.0007873752240389211
2141301,0.0007852189427518234
4132141,0.0007834747941249617
4213422,0.0007815734822112395
1221342,0.0007792064271972396
4232134,0.0007776305754689957
2413232,0.0007751897659985878
4244134,0.0007729183254375903
2232413,0.0007644689194056342
1214232,0.0007619355124900001
1232142,0.00076193551249
1221423,0.0007619355124899993
2321322,0.0007541510352963249
3422322,0.0007531294361564223
1312322,0.0007521622991607478
2213122,0.0007482480287318698
2212322,0.0007473643189486974
2232323,0.0007447335766632829
1301413,0.0007438503143295061
1324134,0.0007437081093085941
2413421,0.0007430560531841297
1223221,0.000742302388040006
4132132,0.0007373373220724206
2042214,0.0007358091332591525
3232141,0.000730217472700236
0042142,0.0007214352537337115
2232041,0.0007201523417211996
2041323,0.0007145256120092517
2232134,0.0007112396514654863
2122141,0.0007107079698574926
3014221,0.0007023691429044111
4134212,0.000699038253469021
2121413,0.0006958616957076386
3232132,0.0006872162319562857
3213232,0.0006872162319562856
3221323,0.0006872162319562854
3244132,0.0006830518706094272
4134241,0.0006828627408135013
4232141,0.0006804041321316648
3223213,0.000678159314205591
4413214,0.0006771406990124906
2400413,0.0006767078116413389
0413213,0.0006752141557173144
1301421,0.0006701534062057329
4413423,0.0006701501523835204
2322103,0.0006699620906863641
2132212,0.000668855609905772
2122132,0.0006688556099057718
0413014,0.0006684330418276004
3223204,0.0006657520841525572
0423221,0.0006643120419620853
0413204,0.0006628608086651348
3213421,0.0006587292601105331
3221214,0.0006583167885985527
3212214,0.0006583167885985525
1422121,0.0006572950707848974
1421221,0.0006572950707848966
0441323,0.0006537969889826817
1323213,0.0006446521952840829
2210342,0.0006435258897482753
2213213,0.000641297409983454
1324413,0.000640745761530959
4232132,0.0006403363126356732
4221323,0.0006403363126356731
4213232,0.000640336312635673
3204221,0.0006401462168862552
2132413,0.0006397298182704591
2321424,0.0006385139452392832
1321340,0.000637959169080238
2040041,0.0006370583529696609
4244132,0.0006364560320699208
2213014,0.0006348569188630382
1323204,0.0006328579930611846
4223213,0.0006318972318243617
2213204,0.0006295645850684115
2142121,0.0006269192559889107
2121421,0.0006269192559889106
1204134,0.0006268148111624307
1413122,0.0006237534234001022
2132323,0.0006232147096694637
2232141,0.0006223140049516949
3421342,0.0006208592437585489
4223204,0.0006203363874019796
3223223,0.0006193312700804436
3123221,0.000619091179325504
0413121,0.0006186991150152771
0413223,0.0006166415942049906
4213421,0.0006137926402635313
4221214,0.0006134083063744778
4212214,0.000613408306374477
1421322,0.0006132868666065615
1324132,0.0006124030142522353
2422142,0.0006075249598840661
2214242,0.0006071242864572105
3421423,0.0006070980545923802
1320441,0.0006036014661959224
2132041,0.0006026444175840921
3241322,0.0006023935749710542
2131214,0.0005977126383426031
2123214,0.0005970067166618943
4204221,0.0005964772789224439
2132134,0.000595186019246562
2321321,0.000592256986255963
3422321,0.0005914546944079879
1322122,0.0005908104497527122
1312321,0.0005906951732835094
1232213,0.0005890686488126992
3204004,0.0005889350095046179
2321420,0.0005889340660107141
1322323,0.0005887307812517922
1323223,0.0005887307812517922
2213121,0.0005876211816039952
2212321,0.0005869271783229399
2321312,0.0005864683684429084
2322131,0.0005864683684429078
2323212,0.0005857757266786625
2321232,0.0005857757266786624
2322123,0.000585775726678662
2232132,0.0005856670123149616
2213223,0.0005856670123149611
0041301,0.0005854732264928887
4004130,0.0005853544127804303
1213400,0.0005829527122949787
1221340,0.000582952712294978
0400441,0.000582913790601026
4223223,0.0005770822680575252
1342042,0.0005756707797556328
2323241,0.0005722210712171541
2122322,0.0005636359941395177
4241322,0.0005613000139043905
2042142,0.0005599817784137891
0042213,0.0005577570321324829
4004213,0.0005576438430392182
4204004,0.0005487595531536145
4004204,0.0005474414978036443
1422103,0.0005448231615577867
2441322,0.0005446710656265647
2413214,0.0005441325450412252
2141324,0.0005427034659603387
1214134,0.0005416571090572768
3424134,0.0005414814534961493
1204413,0.0005400357055277232
2413423,0.0005385151247118932
1232232,0.0005379689208591161
1223232,0.0005379689208591161
1214214,0.0005348289254494998
1413213,0.000534597405585869
1413014,0.0005292284928317039
4131213,0.0005290875562119862
1413204,0.0005248167053021475
2132141,0.0005207704527797384
2142210,0.0005196450517747924
2142103,0.0005196450517747921
4131204,0.0005194076611038437
1421424,0.0005192490607753753
1204132,0.0005161477667504339
2103221,0.0005130162432422293
0042232,0.0005093734818219822
4004223,0.0005092701115026157
2320422,0.000509120324596655
3014232,0.0005090280941311803
1232322,0.000503030053929826
0044131,0.0005029835733426205
3212142,0.0005010068363873314
3214212,0.000501006836387331
2141320,0.0005005631611167918
0413424,0.0004992475332675261
3221034,0.000497884213123677
4132042,0.0004977695437403165
2132132,0.000490103183850239
1413121,0.0004898519068725129
3214241,0.0004894137048494382
3400424,0.0004893841413290159
1301221,0.0004892414152859468
1413223,0.00048822287513820373
1301423,0.00048568037844858535
4131223,0.0004831909867025547
3213214,0.00048238087458019405
1421321,0.0004816322120197652
0423232,0.0004814469656654239
2210340,0.00048144515980209695
1421420,0.0004789299637302148
3213423,0.000477400955338013
1422131,0.0004769248217035055
1421312,0.0004769248217035054
1342324,0.00047665028285606026
1423212,0.0004763615550932459
1422123,0.00047636155509324585
1421232,0.0004763615550932457
0042322,0.00047629177094867285
2213424,0.0004741697834888606
3241321,0.0004730773897461103
3423213,0.00046936049685733175
3241312,0.00046845361278984455
4212142,0.0004668295876892717
4214212,0.00046682958768927136
3424413,0.00046651628768420045
1423241,0.00046533870716643265
4413122,0.00046485919726635427
2121342,0.00046464604924017117
2134212,0.00046464604924017084
3421340,0.0004644874162605433
1322121,0.00046398082087307965
1321221,0.0004639808208730794
3232042,0.0004639332636388933
3204232,0.00046393326363889325
4221034,0.00046391998082404007
3423204,0.0004607733351973362
0413420,0.0004604815320092625
0340041,0.0004604794330738135
0422134,0.00045979419055227125
1312212,0.0004594459522147958
2212212,0.000456515185025729
4130141,0.0004563497479765998
4214241,0.00045602730631745005
0420413,0.000455830773998714
2142131,0.00045488452245346647
1342441,0.00045461511547473493
2041301,0.00045444734907030334
2121423,0.0004543472862867544
2142123,0.0004543472862867541
2134241,0.00045389429422172434
2103422,0.00045380484692464796
0421422,0.0004518826397299826
3400420,0.00045138402119949126
2322324,0.000450826418303192
0040042,0.0004505999808323348
4213214,0.0004494742355478894
3123232,0.00044867404311407024
0413123,0.0004483899022877994
1214132,0.00044602504951332656
3424132,0.00044588040675125606
4213423,0.0004448340321061224
2122321,0.0004426399217277335
2214244,0.0004422252957938867
4241321,0.000440805407752073
1342320,0.0004396389323061355
3420441,0.0004394721466087392
1312413,0.00043943905255855947
2213420,0.0004373510408842581
3221301,0.00043707823708714433
2212413,0.0004366359077041433
4241312,0.0004364970515914557
2324221,0.00043348692857120253
2042213,0.00043293389553656313
1321322,0.0004329156819310954
4232042,0.0004322850676880688
4204232,0.0004322850676880686
3204131,0.0004320787243172002
3422122,0.0004301592211630272
2321323,0.00042922649435181523
3422323,0.0004286450492606725
3423223,0.0004286450492606723
3122134,0.0004284952096235931
2142422,0.00042813497991156616
1312323,0.00042809460140237566
2441321,0.0004277462056417668
2213123,0.00042586678695208835
2212323,0.00042536382185026807
3120413,0.0004248015896478768
1221221,0.0004239752183055356
2441312,0.0004235654878741348
3121422,0.00042112221166558904
1342044,0.0004193147705272606
0441301,0.0004158231748164109
2322320,0.00041582026136774083
1420422,0.0004140242391564342
1312041,0.00041396458994021306
4132324,0.00041214875266323137
2212041,0.00041132394454594244
2321214,0.00041117627058767767
1342122,0.0004104290033032393
3221032,0.00040998046014182287
1312134,0.00040884131538673177
4221301,0.000407262013984975
2212134,0.0004062333509310777
2124134,0.000405240351388981
0041324,0.00040464936840564435
4204131,0.00040260355362968357
0422141,0.0004023065412432111
2320421,0.0003998271632270498
2324004,0.00039880830607731465
4413213,0.00039841468038230885
1221322,0.0003955885943932892
2232042,0.0003953783333310493
2042232,0.0003953783333310491
1413424,0.0003952767189047252
1232321,0.00039504429456838433
4413014,0.00039441343825767313
0421413,0.0003939025927061288
4132441,0.0003930954402503625
2214130,0.0003927071168909817
4413204,0.0003911255043841883
2044131,0.0003904184532923962
1241342,0.0003887475258502951
3221213,0.00038733910589379926
3212213,0.0003873391058937991
1322103,0.00038458754517721634
3232324,0.00038413261384168736
4221032,0.00038201276962356593
3221204,0.0003802525625186769
4132320,0.00038014587232897265
0422132,0.0003786154066434136
1223214,0.0003776190178195484
3122141,0.0003749208434232159
4134242,0.00037490558138216586
4130122,0.0003742099773174946
0042321,0.0003740459346180403
2413122,0.0003735486856176938
3214131,0.0003733774450300321
0041320,0.00037322880670131076
2103232,0.00037179833879955905
0413012,0.0003713775231576533
2042322,0.0003697001381057236
2320400,0.00036784129619743896
3121413,0.00036708896610928687
1422324,0.0003666187653723576
1321424,0.00036653493410264296
3232441,0.0003663744654736443
4413121,0.0003650675982937009
1413420,0.0003645839327388458
4413223,0.0003638535442205314
4132044,0.0003625720278828999
3014134,0.00036186617026811587
4221213,0.000360915943591116
4212213,0.00036091594359111557
0142214,0.0003582714111114371
4232324,0.0003579281892255066
1312141,0.00035772425770103805
3014214,0.00035730444918901055
2103421,0.00035638629188161804
1034221,0.0003562980208454478
2212141,0.00035544236466846353
1413123,0.0003550104458330034
4132122,0.0003548887053096032
0421421,0.00035487672604295987
1301232,0.00035456800417403827
4221204,0.0003543128238696261
3232320,0.000354305154717223
3223212,0.00035373873864144074
3212232,0.0003537387386414406
3221223,0.00035373873864144036
3242214,0.0003530659976594804
3122132,0.0003528424050802528
2213012,0.0003527228238780925
1424221,0.00035251803378334614
0413212,0.000352202496895705
2131213,0.00035168095805350794
2123213,0.00035126560927709456
2040042,0.00034975803762543405
2124413,0.00034913702607761193
1421323,0.00034905338515130527
4214131,0.0003479067071673417
2121340,0.00034761863507208927
3223241,0.00034555334189777595
2131204,0.0003452467965512761
2123204,0.0003448390467677743
0413241,0.0003440526482750174
3241323,0.00034285344752366066
4232441,0.0003413814507806655
1321321,0.0003399814162990716
1422320,0.0003381512365961824
1321420,0.00033807391472889955
0423214,0.0003379442998611255
3232044,0.00033792590630582925
3422121,0.0003378166865953096
3421221,0.0003378166865953092
1312132,0.0003366584964717557
1321312,0.00033665849647175557
1322131,0.0003366584964717553
1321232,0.00033626088980191304
1323212,0.00033626088980191304
1322123,0.0003362608898019127
2142421,0.00033622699041120966
1221424,0.00033493136291787117
2213212,0.00033451098016298484
2212132,0.00033451098016298484
1421214,0.00033437467405001304
2124132,0.0003336932992675911
3213122,0.0003311559716629211
2132042,0.0003308640847382042
3212322,0.00033076486368712
3232122,0.00033076486368711986
3121421,0.00033071965727462914
4232320,0.00033013547377016823
4223212,0.00032960769697369863
4221223,0.0003296076969736983
4212232,0.00032960769697369826
4242214,0.00032898084845104205
2120441,0.00032889740907563944
1323241,0.00032847992466652164
0040044,0.00032821403171184616
2232324,0.0003273697416037003
2213241,0.00032677050735454406
2210322,0.0003267061118796084
3204214,0.0003256508258309133
1420421,0.0003251454107244697
1424004,0.00032431686089872417
1342121,0.0003223219662794778
4223241,0.00032198068450721814
2122122,0.00032192769080419635
2131223,0.00032117381543233614
2123223,0.00032079449676807265
2122323,0.00032079449676807254
2413213,0.0003201556106941565
4241323,0.00031946496917973624
0422322,0.00031905431898831215
2413014,0.0003169403172347923
3421322,0.00031519867775982194
2423221,0.00031498632794496064
3123214,0.0003149398504495223
4232044,0.0003148735706838006
1214213,0.0003146815657409562
2413204,0.00031429821961886754
2324232,0.0003141610466668929
2323242,0.0003141610466668929
2041324,0.00031409093439928835
2232441,0.0003122356961383435
2321034,0.0003109721299565898
1213221,0.0003106673567325194
1221321,0.0003106673567325192
2441323,0.0003100005716784528
2142400,0.0003093290885271596
1214204,0.0003089243247832463
1221420,0.0003089243247832459
4213122,0.000308565461555348
4212322,0.00030820103384333945
4232122,0.00030820103384333945
1221312,0.00030763094747631966
1232212,0.00030726762346148433
1221232,0.0003072676234614842
3240041,0.0003056820482266566
4204214,0.0003034358609745314
2130141,0.0003033326236680289
3221324,0.00030208628606403685
2232320,0.00030194985473542434
1420400,0.00029913402673349454
3014132,0.00029797702977063127
3122322,0.00029733574304625194
4413424,0.00029458438439746256
1413012,0.00029403628269918434
1232413,0.0002938874369987024
4130121,0.00029387810003587457
2413121,0.00029335876821661095
2324131,0.00029259015231907084
2413223,0.0002923831861350513
1320422,0.0002922573359872647
0042212,0.00029093498368603743
4004212,0.0002908759424456671
1241340,0.00029083618497287777
2042321,0.0002903363906765377
2320423,0.00028976679988779066
2041320,0.00028970213175775935
2232044,0.00028799095063073235
0441324,0.0002873958661881429
1214223,0.0002873839962067757
1232323,0.00028630051076846406
2142040,0.00028531003778377675
4240041,0.0002848292960763892
3210342,0.0002848085569580588
4004241,0.0002841451698951423
3213213,0.0002838222872272835
0400422,0.00028224058603594715
2232122,0.00028188808774633764
4221324,0.0002814788264901683
3213014,0.0002809718860059366
3422103,0.0002800117685319807
1413212,0.00027885455227354134
4132121,0.00027870453692390573
3213204,0.00027862963066702925
3221320,0.0002786296306670291
0042413,0.0002782660135992702
1232041,0.0002768506613998221
2400441,0.00027639100725555425
4131212,0.0002759805267653837
1213422,0.00027481069873243547
2132324,0.00027395251786849683
1232134,0.000273424324985712
4134244,0.0002730787341566713
2321301,0.00027299349278804623
2322130,0.000272993492788046
0142142,0.0002726596516413991
1413241,0.0002724019506927753
1244134,0.0002717674408242017
4413420,0.0002717102431043148
0042323,0.0002710823662167197
4131241,0.00026959442917885414
3214242,0.0002686981124997274
3242142,0.00026869811249972725
1342210,0.0002671684004844395
1342103,0.0002671684004844395
3421424,0.0002668679639106374
4210342,0.0002653797344839365
0441320,0.0002650799051310071
4413123,0.0002645754951876925
4213213,0.00026446074524401266
0421342,0.00026301962676683925
0042041,0.00026213481833995485
4213014,0.0002618047902145255
2132441,0.0002612879086090687
2103214,0.00026097813104188
1032214,0.00026091349104149364
3012214,0.00026084793838312915
3213121,0.0002600665232537707
2214210,0.0002598871460919932
3232121,0.0002597593746585855
3212321,0.0002597593746585854
4213204,0.00025962231681354435
4221320,0.00025962231681354435
3213223,0.00025920165651860443
0042134,0.00025889060693391004
1322324,0.00025879408391396363
2103423,0.0002582838906914617
1034232,0.0002582199180101976
2322124,0.0002574951019929866
0421423,0.00025718986281512274
2210321,0.0002565719175034902
2321032,0.000256068566888293
1424232,0.0002554804474205508
1423242,0.0002554804474205507
2040044,0.000254761430394694
2210312,0.00025406422775654553
1421034,0.00025288717280366605
2121221,0.00025281928290812243
2122121,0.00025281928290812243
0340042,0.0002528126067698535
2132320,0.0002526804174679452
0422321,0.0002505627395203647
4242142,0.00025036829831630834
4214242,0.00025036829831630834
2134242,0.0002491972311427054
1301214,0.0002488835624047167
1324221,0.000248840458353121
2130122,0.00024873486777577807
3421321,0.00024753479107609514
1321323,0.00024639478275355895
3421420,0.0002461459710406068
3121342,0.00024511542864690385
3422131,0.0002451154286469037
3421312,0.00024511542864690363
3423212,0.00024482593787113926
3422123,0.0002448259378711392
3421232,0.00024482593787113915
2142423,0.00024367383711754718
4213121,0.00024232553131965618
4232121,0.0002420393355202465
4212321,0.00024203933552024634
2321213,0.00024192706577212764
4213223,0.00024151966331135673
2132044,0.00024099920066570778
3121423,0.00023968250674863805
1232141,0.00023923833040308105
3423241,0.00023916074710828532
1322320,0.0002386990186124314
1424131,0.00023793867450595295
2321204,0.00023750090115532717
2322120,0.00023750090115532698
2413424,0.00023672030206625807
1321214,0.0002360331647697156
2121322,0.000235892147566677
2132122,0.00023589214756667684
1420423,0.00023564268221148418
0044130,0.0002341323929649947
1342131,0.0002338726595277783
1342123,0.00023359644689599683
3122321,0.00023350650312845735
4132103,0.00023101449211547948
4132210,0.00023101449211547932
1320421,0.00022951828071813454
0424134,0.0002293921709815273
1324004,0.00022893341214788227
2323244,0.00022883281872957233
2423232,0.00022828008862716139
1312042,0.00022727500855922647
0042141,0.0002265217498960472
2042212,0.00022582524034433805
2212042,0.00022582524034433786
1213232,0.00022514999997351503
1232132,0.000225149999973515
1221323,0.00022514999997351475
1244132,0.00022378564634865136
1223213,0.0002221827169896363
1422130,0.00022200237878103164
1421301,0.00022200237878103158
0400421,0.00022165183240660253
2232121,0.0002213750051334261
2321223,0.00022094070489469576
2324214,0.00022052051945688732
1342422,0.0002201197478620145
4413012,0.00021913381989576634
2413420,0.00021833924073642733
1223204,0.00021811778412540554
3241301,0.00021805913983769778
2422134,0.0002180133349152074
2420413,0.0002161340644105903
2042413,0.00021599152018283676
1213421,0.00021581692340741216
1221214,0.00021568178695895084
1212214,0.00021568178695895084
3232103,0.00021531109852500043
3232210,0.00021531109852500024
2421422,0.00021426204006512117
3124134,0.0002137770515818782
1301424,0.00021349522161613025
0042132,0.00021318227684153225
3210340,0.00021307565616561855
4130123,0.0002129823194532227
3420422,0.00021278768525519922
2413123,0.00021260594402606724
2142130,0.00021174290257034212
1320400,0.0002111569939344594
3400412,0.00021102834453463242
0142213,0.0002107990111305494
2042323,0.00021041553589878757
3014213,0.00021023007202258071
3213424,0.00020985575551809338
1204221,0.00020972863272553495
2122103,0.00020955854857133464
1422124,0.00020939885629907783
1421032,0.00020823877668171283
4413212,0.00020781946593148885
3242213,0.0002077362604500134
0141342,0.00020756130462244786
3014204,0.0002063838181807301
0400400,0.0002039198554668539
2042041,0.00020347040292040567
4241301,0.00020318377105658954
4413241,0.0002030105926193973
1223223,0.00020290911209308986
4132131,0.00020222441562153565
3221212,0.00020204226923562966
3212212,0.00020204226923562955
4132123,0.00020198558078653577
3204130,0.00020112709646034123
2042134,0.0002009522292335709
4232103,0.00020062319323651398
4232210,0.0002006231932365138
2142124,0.00019972183123050888
2121424,0.00019972183123050878
0122142,0.0001990535191273197
0423213,0.00019883898636213832
1032142,0.00019856616902593822
4210340,0.00019854024634010357
3012142,0.00019851628068866245
0322142,0.00019845196443970842
0424413,0.00019763407100864357
3221241,0.00019736707833334003
1241322,0.00019735988045958445
2441301,0.00019716429424188002
0413124,0.00019710308632429714
1301420,0.0001969175612807126
0421340,0.00019677456378543195
1421213,0.00019673869711842157
3214244,0.00019571791959244192
4213424,0.000195539998074983
2130121,0.0001953388065134382
0423204,0.00019520113756226298
4242213,0.00019356508887838236
3213420,0.00019356069557213083
3212413,0.00019324419540903555
1421204,0.0001931392740560959
1422120,0.0001931392740560959
1204004,0.0001929505026342295
0142232,0.00019251290450551252
3014223,0.0001919933189553982
3204213,0.000191605776877495
2422141,0.00019075532600637294
4132422,0.00019033258298783106
3242232,0.000189715837165756
3223242,0.00018971583716575598
0413242,0.00018889192573891996
0424132,0.00018889192573891993
2321324,0.00018867924174304743
3232131,0.0001884780503479572
3213123,0.00018847805034795712
3422324,0.00018842365030040438
4221212,0.00018825952540526828
4212212,0.000188259525405268
3232123,0.00018825545050056683
3212323,0.00018825545050056683
1312324,0.0001881816846112188
3204204,0.00018810026290251678
4204130,0.00018740678309054644
3244131,0.00018733591971846668
2213124,0.00018720238266514707
2212324,0.00018698128943049462
2421413,0.00018677055872424523
0420441,0.00018617714262526936
1423244,0.000186090260182781
2210323,0.00018594540419916814
3123213,0.0001853036747598951
2132121,0.0001852530406517203
2121321,0.0001852530406517203
2121420,0.00018421365894148164
2142120,0.00018421365894148137
3124413,0.0001841807800657403
0340044,0.0001841470227811444
4221241,0.00018390326261048836
2232103,0.00018349480400429573
2232210,0.00018349480400429562
2121312,0.00018344240932794618
2131212,0.00018344240932794618
2122131,0.00018344240932794596
3121340,0.0001833797809766898
2121232,0.00018322575676683406
2123212,0.000183225756766834
2122123,0.0001832257567668338
4214244,0.0001823666047464976
0422122,0.0001822318326384035
3212041,0.00018204174991972872
3123204,0.00018191346058122262
0413120,0.000181798256588942
2044130,0.00018173477539151103
0422323,0.000181590371739461
0423223,0.00018159037173946086
2134244,0.00018151360719921935
1034214,0.00018125350376140188
3424221,0.0001811765817680306
0342214,0.00018114925648956653
4213420,0.00018035654035852058
1323242,0.00018034218265117782
1324232,0.00018034218265117777
4212413,0.00018006163092832849
0142322,0.00018000998381271892
3212134,0.00017978877976793475
1421223,0.00017967227553758057
2422132,0.00017952207563445524
1312441,0.0001794821934587923
2213242,0.00017940367765907907
3421323,0.0001793959262099486
1424214,0.0001793305744744164
2131241,0.00017919761299681856
2103122,0.00017916229917523213
2123241,0.00017898597370390244
4204213,0.000178534980607433
1321034,0.00017851160497157556
2212441,0.00017833729160238236
3232422,0.0001773945744829085
3242322,0.00017739457448290834
4242232,0.00017677396715949168
4223242,0.00017677396715949162
2413012,0.00017609020296428723
3124132,0.0001760337276521142
2042141,0.0001758273548453633
4232131,0.00017562061860647196
4213123,0.0001756206186064719
4232123,0.00017541320388190208
4212323,0.00017541320388190203
4204204,0.00017526860273646736
3204223,0.0001749846188978448
4244131,0.00017455640085108776
2321320,0.00017402851392683268
3214130,0.0001738024049236474
3422320,0.00017379276886805105
1312320,0.0001735695915385195
3120441,0.0001735037444916719
1342421,0.0001728665113254859
2213120,0.00017266633127106148
2212320,0.00017246240567378695
3421214,0.00017185180520839146
3122122,0.00016982699853752758
4212041,0.00016962338412396434
3122323,0.0001692292029846356
3123223,0.0001692292029846356
2421421,0.0001682662811278399
1324131,0.00016795954575301092
3240042,0.00016782568319949554
4212134,0.00016752410513084276
3420421,0.00016710842693746117
2413212,0.00016699828421378536
3424004,0.00016668259389952548
1320423,0.00016633881795988492
1312044,0.00016554560594693926
2042132,0.00016547318680947842
4232422,0.00016529322565999224
4242322,0.00016529322565999222
2212044,0.00016448960441321227
1212142,0.00016414293486378807
1214212,0.00016414293486378796
2413241,0.00016313399946778616
1221034,0.00016311988186382072
4204223,0.00016304767032937598
1312122,0.00016203750219577807
4214130,0.0001619461036000382
2212122,0.0001610038785616064
0400423,0.00016063776569690767
2232131,0.00016062684712787553
4134210,0.00016048302427156748
2232123,0.0001604371406257579
1214241,0.00016034472195193759
2423214,0.00016023770056732153
2120422,0.0001592485869780171
1342400,0.00015903732273183895
1213214,0.0001580405829323651
3212141,0.00015730995221122188
1321301,0.00015671020599560863
1322130,0.00015671020599560852
1213423,0.00015640903122402812
4240042,0.000156377096681214
3213012,0.00015610635108120806
1413124,0.0001560553754534308
4004242,0.0001560014974452482
0141340,0.00015528417281202936
1241321,0.0001549925181272243
2214240,0.00015470301073010383
3420400,0.00015373988068760638
2103213,0.00015355378700092717
2132103,0.0001535537870009271
2132210,0.00015355378700092695
1032213,0.00015351575424771738
1241312,0.0001534776479405623
3012213,0.000153477184506645
1421324,0.0001534367726709125
2103014,0.00015201166038963883
1232042,0.00015199666340630604
1204232,0.00015199666340630588
2422322,0.00015128093727803343
2232422,0.00015118116483153396
2103204,0.00015074445131692672
3241324,0.00015071140612007853
1413242,0.00014955423043355455
4132421,0.00014947377476236295
3212132,0.00014804624190661926
3213212,0.00014804624190661923
4131242,0.00014801284382317121
1322124,0.0001478134517569282
1321032,0.00014699455820809892
1342040,0.00014668825610194005
4212141,0.0001465787186852061
1301213,0.00014643760907075018
4213012,0.0001454572237704495
3213241,0.0001446205011153553
3210322,0.0001445920012793996
1413120,0.0001439378536269486
0042042,0.00014391736522799907
1301204,0.00014375846706665417
1221301,0.00014319825477413094
0422121,0.00014311201728432863
0421221,0.00014311201728432844
2130123,0.00014156792250044376
1204131,0.00014156028371396513
1421320,0.0001415225823623605
0142321,0.00014136713406090467
2122324,0.00014101473977496667
2103121,0.0001407014223861921
1031221,0.00014066657295278896
4241324,0.0001404303064733305
2103223,0.00014023351141368443
1032232,0.00014019877787415088
3012232,0.00014016355392864919
3242321,0.00013931317619967775
3232421,0.0001393131761996777
4122142,0.0001392839212493004
3241320,0.00013900883741423608
1321213,0.00013887671799744597
3223244,0.0001381877550920939
4212132,0.0001379469521146056
4213212,0.00013794695211460556
0342142,0.00013786222298987932
0413244,0.00013758762348384178
4132400,0.000137515987188916
1321204,0.00013633590590047848
1322120,0.00013633590590047837
2441324,0.00013626994972090398
2324130,0.00013619695781554383
2124221,0.00013559109215114287
4213241,0.00013475490552967694
4210322,0.00013472834987074756
2323210,0.00013448056625764177
2132131,0.00013441721581351616
1221032,0.00013432031476803762
2121323,0.00013425846389693242
2132123,0.00013425846389693237
2400422,0.00013382555211541785
1301223,0.00013373463803202518
0421322,0.00013353016712759234
3122121,0.00013337013626085005
3121221,0.00013337013626085005
1323244,0.0001313600474334724
3424232,0.00013130413123962334
3423242,0.0001313041312396233
1032322,0.00013109344436162843
3012322,0.00013106050806639222
2213244,0.00013067644663377988
2122320,0.00013006510614578913
3421034,0.00012997131820412984
4242321,0.0001298096310899421
4232421,0.000129809631089942
2324213,0.0001297494189985704
4241320,0.0001295260534231181
4223244,0.00012876098298082928
2121214,0.00012861250460164555
3232400,0.00012816822873430204
2320424,0.0001273755949471401
2324204,0.00012737559494714005
1312121,0.00012725281570847064
1221213,0.00012690241531908059
1212213,0.00012690241531908059
4132040,0.00012683802770555846
1321223,0.0001268296288796333
1324214,0.00012658842405880471
2132422,0.00012651279423993907
2212121,0.0001264410806715269
2321212,0.00012619302470202913
1232324,0.0001258518847118612
2441320,0.00012568874362506272
1342423,0.00012528157264319586
2120421,0.00012506259857093718
2124004,0.000124743908560759
2421342,0.00012471185403781853
1221204,0.00012458067848207497
3121322,0.00012444053911530776
2321241,0.00012327296008757323
1214131,0.00012232821029170674
3424131,0.00012228854012018823
3240044,0.00012224311240749343
2421423,0.00012194764712307788
3420423,0.00012110851528227244
1232441,0.00012003385114590066
4232400,0.00011942495995931172
0042324,0.00011916229771631632
2422321,0.00011880536894716386
2232421,0.00011872701471079788
0422103,0.00011862365196296564
2324223,0.00011849409243124097
2210301,0.00011826363476670422
3232040,0.00011821611202805709
2320420,0.00011748502534998011
4413124,0.0001163020094814753
1232320,0.00011607962947573873
1212232,0.0001158940567643894
1223212,0.00011589405676438938
1221223,0.00011589405676438926
1242214,0.00011567364923466729
1030142,0.00011565862982595564
2120400,0.00011505768640843864
3214210,0.0001150195885349105
0040040,0.00011481862153212073
3422130,0.00011409808372140945
3421301,0.00011409808372140943
4240044,0.0001139040380657099
0042441,0.00011365351849145374
4004244,0.00011363045407816401
3210321,0.00011355235079775124
2103424,0.00011353634803858441
1223241,0.00011321230684213705
0421424,0.00011305543562318212
3210312,0.00011244250967169304
3221031,0.00011244250967169297
1241323,0.00011232775087562564
2042042,0.0001117094038694547
4413242,0.00011145695862984526
1424130,0.00011075739684852493
1232044,0.00011071335957711667
3122103,0.00011054873606196335
4232040,0.00011015174809635018
0142212,0.00010995613382016834
0042320,0.00010990948127679497
3014212,0.00010965936608698107
1423210,0.00010936160164153149
2232400,0.00010922894440784124
1413244,0.00010893430763021699
1342130,0.00010886471910092965
2424134,0.0001087672554954494
1213122,0.00010849535203626975
1212322,0.00010836721484065869
1232122,0.00010836721484065864
3221242,0.00010835855410724339
3242212,0.00010835855410724329
4132423,0.00010832815117026559
1321324,0.00010831013786693061
4131244,0.00010781157186603417
3422124,0.0001076205055475782
4413120,0.00010727129115946488
4214210,0.0001071732822632192
3014241,0.00010712188483308163
2142424,0.00010711406547582156
3421032,0.00010702428283126142
1204214,0.00010669172236878877
2134210,0.0001066719923092204
1034213,0.00010664557140722165
0342213,0.00010658423460742571
4210321,0.0001058061352741297
1424213,0.00010551416214709391
1312103,0.00010547817023582699
1312210,0.00010547817023582685
0141322,0.00010537500959966714
3121424,0.00010535955778009085
0142413,0.00010516801603324868
2400421,0.00010509714164719636
0421321,0.00010486516712951107
0042044,0.00010482845247257993
2212103,0.00010480533383581134
2212210,0.00010480533383581123
4221031,0.00010477200432491089
4210312,0.00010477200432491089
2103420,0.00010472038017167074
1034204,0.0001046944426519724
0421420,0.000104276810056547
0422131,0.00010384023304092863
0421312,0.0001038402330409286
0423212,0.00010371759372040717
0421232,0.00010371759372040713
0422123,0.00010371759372040713
3242413,0.00010364000406132834
1424204,0.00010358373303377317
1420424,0.00010358373303377314
0123221,0.00010320421578465076
1032321,0.00010295153708172626
3012321,0.00010292567124047952
0323221,0.00010289232489189642
1342124,0.00010268424958427878
1421212,0.00010262204927783785
0042122,0.00010260701575582786
0142323,0.00010245302424056339
4004412,0.00010234975095386392
2103123,0.00010197056291884503
1031232,0.00010194530648375548
0423241,0.00010131760310258483
3421213,0.0001011138189523609
4221242,0.00010096664448982202
4242212,0.00010096664448982191
3242323,0.00010096445905217442
3232423,0.00010096445905217441
2232040,0.00010074744151760238
1421241,0.00010024740919399217
1240041,0.00010014942888385355
3204212,9.994463603062845e-05
3212042,9.994463603062837e-05
1321320,9.98999792561275e-05
2132421,9.935421783240794e-05
3421204,9.92638960994212e-05
3422120,9.92638960994212e-05
0142041,9.907138288813797e-05
1221324,9.897136321373093e-05
2142420,9.879678052132915e-05
2131242,9.838314681341936e-05
2124232,9.826695252222196e-05
2123242,9.826695252222182e-05
0142134,9.784526377731655e-05
3121321,9.772681494170536e-05
3204241,9.763195039870203e-05
3242041,9.763195039870201e-05
1034223,9.739442606559242e-05
0342232,9.733841002728907e-05
2121034,9.726948599894232e-05
3121420,9.717850834607301e-05
3121312,9.677164987837564e-05
3122131,9.677164987837552e-05
2400400,9.668945075699431e-05
3121232,9.66573588272168e-05
3123212,9.665735882721677e-05
3122123,9.665735882721666e-05
4242413,9.65699803877722e-05
3242134,9.64236458740162e-05
1424223,9.636116276097124e-05
3423244,9.564105665289371e-05
1420420,9.554057436488266e-05
4134240,9.553072323590655e-05
2141221,9.509050819869177e-05
1342120,9.471093477882527e-05
3123241,9.442073969628948e-05
2423213,9.428033546030866e-05
4132130,9.413286805922379e-05
4242323,9.407695338144651e-05
4232423,9.407695338144643e-05
2424413,9.370901981538846e-05
4130124,9.362269819759016e-05
2413124,9.345725121064763e-05
1210342,9.331072755517043e-05
2421340,9.330148087738883e-05
4204212,9.312669975996437e-05
4212042,9.312669975996432e-05
1213213,9.298759981235531e-05
2423204,9.255543426522072e-05
2042324,9.249439232378628e-05
3421223,9.234253456771792e-05
1312131,9.233300102275141e-05
1312123,9.222395218709756e-05
3424214,9.21669173661065e-05
1213014,9.205373386875868e-05
2212131,9.17440165544781e-05
2212123,9.163566333219947e-05
2124131,9.15197568618165e-05
2132400,9.140595645174294e-05
1213204,9.128634979811222e-05
1221320,9.12863497981121e-05
0342322,9.101668097717767e-05
4242041,9.097177890540656e-05
4204241,9.09717789054065e-05
2120423,9.06366357929834e-05
4004122,9.026376330612485e-05
0420422,9.014496944200731e-05
4242134,8.984590144806571e-05
2424132,8.956389514063688e-05
2413242,8.956389514063685e-05
2040040,8.912280838483821e-05
4132124,8.87887554177759e-05
2420441,8.827666939411851e-05
2042441,8.821844937358754e-05
1242142,8.80325248575407e-05
1214242,8.803252485754066e-05
3232130,8.773411158555763e-05
3244130,8.720246444729399e-05
1312422,8.690334708430144e-05
2422122,8.64059841936862e-05
4130120,8.63530025170207e-05
2212422,8.634899792304106e-05
2413120,8.620040229981985e-05
2422323,8.610183283059872e-05
2423223,8.610183283059867e-05
2232423,8.60450471531421e-05
0142141,8.561175947003797e-05
2121301,8.53900853695668e-05
2122130,8.539008536956669e-05
2042320,8.531230830678863e-05
1213121,8.520459060900538e-05
1232121,8.510396070100543e-05
1212321,8.510396070100542e-05
1213223,8.492123766077032e-05
2103012,8.445679730647835e-05
3242141,8.436788515975313e-05
2132040,8.430838823817652e-05
3120422,8.400864641453984e-05
3213124,8.285111961358156e-05
0141321,8.27540939298319e-05
3232124,8.275326924560475e-05
3212324,8.275326924560462e-05
3210323,8.229481220042861e-05
0141312,8.19452696637752e-05
4132120,8.189440987796364e-05
4232130,8.174914225343309e-05
2210324,8.173781984936584e-05
3014131,8.172410226657199e-05
2042044,8.136838744732058e-05
4244130,8.125376255733668e-05
3223210,8.121023749053496e-05
4413244,8.118450801233786e-05
0413210,8.085755189694347e-05
0042121,8.058030696249963e-05
0142132,8.05702314087182e-05
2122124,8.054231812220402e-05
2121032,8.009610985134594e-05
2103212,8.009610985134592e-05
1032212,8.007627135931953e-05
3012212,8.005615276584027e-05
2323240,8.005224112693173e-05
0422324,7.982343610773597e-05
2042122,7.964409676864564e-05
3213242,7.939960669964325e-05
3242132,7.939960669964322e-05
3212441,7.892765074758856e-05
3221244,7.89276507475885e-05
3421324,7.885880246092422e-05
4242141,7.861255013473368e-05
2103241,7.82427125127469e-05
1324130,7.818301124056564e-05
4213124,7.71992539816385e-05
1323210,7.719772740884888e-05
4232124,7.710807868497543e-05
4212324,7.710807868497529e-05
2213210,7.679598860605298e-05
0424221,7.675330180644182e-05
4210323,7.668089626384102e-05
1032413,7.658929336286843e-05
3012413,7.657005084780293e-05
3213120,7.641782471842651e-05
1301212,7.638419769112196e-05
3212320,7.632757231986444e-05
3232120,7.632757231986437e-05
2400423,7.616706720640741e-05
0421323,7.599894827946241e-05
3221412,7.599223381317362e-05
2121213,7.567276636710865e-05
4223210,7.567030812838016e-05
2210320,7.539097141049681e-05
0123232,7.479520676254062e-05
2232130,7.47697342132767e-05
1301241,7.46166927651713e-05
1032323,7.461208288832631e-05
3012323,7.459333713332563e-05
0323232,7.456917002912278e-05
1324213,7.448184193483033e-05
3122324,7.438971759685895e-05
2121204,7.428829902824138e-05
2122120,7.428829902824129e-05
4242132,7.398319337428918e-05
4213242,7.398319337428917e-05
0422320,7.362523738186822e-05
4221244,7.354343290296727e-05
4212441,7.354343290296727e-05
1320424,7.311916309476804e-05
1324204,7.311916309476801e-05
0421214,7.280297123625825e-05
3212044,7.279900873273992e-05
3421320,7.273550643697134e-05
1321212,7.244031604671953e-05
4123221,7.221519080378922e-05
1032041,7.214938052540419e-05
3012041,7.21312535068513e-05
2132423,7.200499716999614e-05
2131244,7.166163036333108e-05
2123244,7.157699521375695e-05
1031214,7.155894144262305e-05
3124221,7.152857261495863e-05
0312214,7.151778458625321e-05
0342321,7.147807620973824e-05
1241301,7.144187381738887e-05
0122134,7.143133928165896e-05
1032134,7.125645128875457e-05
3212122,7.12563131464977e-05
3012134,7.123854861231978e-05
0322134,7.121546840846051e-05
4213120,7.120482000336263e-05
4212320,7.11207243644438e-05
4232120,7.112072436444374e-05
0041221,7.090117623605595e-05
4004121,7.088678782069377e-05
3121323,7.082556922928056e-05
0120413,7.081560259257281e-05
4221412,7.080826168839806e-05
0420421,7.079349550568637e-05
1321241,7.076407123011813e-05
0424004,7.061309640906538e-05
0400424,7.061309640906537e-05
0320413,7.060159252190271e-05
1232103,7.054154365533814e-05
1232210,7.054154365533809e-05
2232124,7.0524905706028e-05
2321031,7.023015755188233e-05
0121422,7.020224008327164e-05
0321422,6.999008364018005e-05
1210340,6.98091543086505e-05
2121223,6.910840789607437e-05
2124214,6.897697739918211e-05
2141232,6.891495824857582e-05
1213424,6.875423069510126e-05
3122320,6.861344091285103e-05
3214240,6.846770572096636e-05
1312421,6.824775413784423e-05
1242213,6.805982871166213e-05
1324223,6.80207921607118e-05
2422121,6.785716043328804e-05
2421221,6.785716043328795e-05
3121214,6.784714783723324e-05
4212044,6.783286925972977e-05
2212421,6.781240743908568e-05
2321242,6.76793709893659e-05
2324212,6.767937098936577e-05
1320420,6.74415435179958e-05
0042210,6.679194710251086e-05
0042103,6.679194710251084e-05
4004210,6.677839259849858e-05
4212122,6.639541193948922e-05
1212212,6.619432836089433e-05
1221212,6.619432836089433e-05
2324241,6.611329285769939e-05
3120421,6.597446057389325e-05
1204130,6.589449383902133e-05
3124004,6.58063415538821e-05
2413244,6.523774605055644e-05
0420400,6.513007005072208e-05
0400420,6.513007005072207e-05
1423240,6.50996760964178e-05
2232120,6.504872725513951e-05
1221241,6.466261362166268e-05
0340040,6.441987627615465e-05
1214244,6.412230611260906e-05
0412214,6.405803711485806e-05
1413210,6.401855929724886e-05
4214240,6.37970353103895e-05
2134240,6.349863246015804e-05
1213420,6.341554313826359e-05
4131210,6.335874947554903e-05
2421322,6.331388618091273e-05
1212413,6.331184941218606e-05
1312400,6.278798604379149e-05
1204213,6.27750606764443e-05
2132130,6.25694874784173e-05
2042121,6.254685138334683e-05
0122141,6.250034392182597e-05
2212400,6.238746674771835e-05
1032141,6.234732201555564e-05
3012141,6.233165769446705e-05
0322141,6.23114631874972e-05
2130124,6.223038098535614e-05
1242232,6.2155867027836e-05
1223242,6.215586702783588e-05
1213123,6.175033571318509e-05
1232131,6.175033571318506e-05
1212323,6.167740618488892e-05
1232123,6.167740618488892e-05
1204204,6.162656267149074e-05
1244131,6.137614386607539e-05
0121413,6.119474826274023e-05
0321413,6.100981313656891e-05
3120400,6.0696554224972905e-05
2214122,6.055685491342614e-05
0141323,5.9974386887875976e-05
1212041,5.964163546156276e-05
2132124,5.9017291567506014e-05
2121324,5.901729156750594e-05
1212134,5.8903503551941316e-05
0122132,5.8819807046114406e-05
3014242,5.881210104428331e-05
1032132,5.8675796334558845e-05
3012132,5.866105445817666e-05
0322132,5.864204917070426e-05
0042131,5.846803093321919e-05
0042123,5.839897793347243e-05
1242322,5.8119099321084144e-05
1232422,5.811909932108409e-05
1312040,5.791257057594337e-05
3213244,5.783414589385348e-05
2212040,5.754315114617083e-05
2130120,5.739826291400279e-05
1204223,5.732953488025492e-05
1421031,5.711221128186253e-05
1214130,5.694221068172505e-05
3424130,5.692374472641515e-05
2422103,5.624589978660677e-05
3423210,5.6206376024061914e-05
3212121,5.5959678235108e-05
1034212,5.5628034771560566e-05
0424232,5.562543191355081e-05
0423242,5.562543191355079e-05
0342212,5.5596040516320504e-05
0121421,5.513188366014647e-05
1342424,5.50712326516355e-05
0421034,5.506080153932415e-05
1421242,5.50378736159424e-05
1424212,5.503787361594233e-05
2041221,5.5033860010050147e-05
0042422,5.502981089365017e-05
1240042,5.4984080425977477e-05
0321421,5.49652709662438e-05
2320412,5.492589290452174e-05
2121320,5.443466622293713e-05
2132120,5.443466622293706e-05
0312142,5.442804987135059e-05
0142042,5.439221117228386e-05
1034241,5.4340820551188924e-05
3424213,5.422898516924418e-05
4213244,5.388886642080858e-05
1424241,5.37643155283991e-05
2421424,5.360570676392536e-05
3204242,5.36019333579321e-05
3242042,5.360193335793207e-05
3424204,5.3236841464301426e-05
3420424,5.323684146430141e-05
0342413,5.317507152414163e-05
3421212,5.2742584266244765e-05
0123214,5.250134611898375e-05
0323214,5.234268310713527e-05
3210301,5.2340544017110714e-05
3221030,5.2340544017110674e-05
4123232,5.233652604692399e-05
4212121,5.2142269566803744e-05
2042210,5.184425508541793e-05
2042103,5.184425508541792e-05
3124232,5.1838913144097724e-05
3123242,5.1838913144097636e-05
0424131,5.1806084073996956e-05
0342323,5.1802316876779464e-05
1212141,5.153885209516302e-05
3421241,5.1522138410743024e-05
0041232,5.138422007245025e-05
4004123,5.13737923540298e-05
3121034,5.13127181300339e-05
0420423,5.130618060060208e-05
1213012,5.114452090537242e-05
1342420,5.079501427896819e-05
1412214,5.071762811629138e-05
0441221,5.03564481971282e-05
0342041,5.0092490756950723e-05
4122134,4.998272363562112e-05
4242042,4.994536327940615e-05
4204242,4.994536327940615e-05
2421321,4.9722256766413506e-05
0122322,4.9566692614272724e-05
4120413,4.95518735763558e-05
3424223,4.952480273663204e-05
0342134,4.947254018762142e-05
1312423,4.94612050778093e-05
2421420,4.94432848041019e-05
0322322,4.9416898345765306e-05
1241324,4.9376995923609975e-05
2321244,4.9297204085783076e-05
2422131,4.923627998960442e-05
2421312,4.923627998960441e-05
2423212,4.9178130043806936e-05
2422123,4.9178130043806916e-05
2421232,4.917813004380691e-05
2212423,4.914569619961599e-05
4121422,4.9122684804324414e-05
3420420,4.9103061474075214e-05
4210301,4.8770022299755225e-05
4221030,4.8770022299755225e-05
0412142,4.875086747889125e-05
1212132,4.850381846550248e-05
1213212,4.8503818465502464e-05
2141214,4.8373796027740204e-05
3223240,4.834201471990218e-05
0421301,4.8336294734926324e-05
0422130,4.833629473492632e-05
3124131,4.8279554877371206e-05
0413240,4.813207158115831e-05
2423241,4.8040164473323776e-05
3120423,4.781368069273514e-05
4413210,4.7710545495440934e-05
4132424,4.761885319567182e-05
2214121,4.755707903268083e-05
2321412,4.7463780104173746e-05
1213241,4.738145624063666e-05
1210322,4.7372118949451905e-05
3212103,4.638423467773938e-05
3221210,4.6384234677739354e-05
3212210,4.638423467773933e-05
2142412,4.618887700846021e-05
1323240,4.5953488009150545e-05
2213240,4.571434496858773e-05
1242321,4.564263787596769e-05
1232421,4.564263787596761e-05
0422124,4.559214586259882e-05
1241320,4.5542928535082263e-05
2042131,4.5383188266568306e-05
0421032,4.533956320736412e-05
2042123,4.532958897071622e-05
1223244,4.527392050498618e-05
3121301,4.5045960063115345e-05
3122130,4.5045960063115284e-05
4223240,4.504426119709392e-05
0142324,4.503626682500898e-05
2103124,4.4824186635295614e-05
1420412,4.4666555077718485e-05
3232424,4.4381923827253324e-05
3242324,4.4381923827253304e-05
4132420,4.392130358372152e-05
4122141,4.3733429175364995e-05
0342141,4.328703349968722e-05
4221210,4.322003529139674e-05
4212103,4.3220035291396734e-05
4212210,4.322003529139668e-05
0042421,4.3216528823437407e-05
1312130,4.297982603175459e-05
2103242,4.2956846039899014e-05
0142441,4.295427565997116e-05
3014244,4.2838343582556e-05
0421213,4.283566555411138e-05
4121413,4.281986339787571e-05
3240040,4.276412432831976e-05
2420422,4.274261358168957e-05
2042422,4.271442407411805e-05
2212130,4.270566132681279e-05
2124130,4.260127132031711e-05
3122124,4.248861012166873e-05
3242441,4.2330182423935844e-05
3121032,4.2253221201960866e-05
2131210,4.2114136790821926e-05
1031213,4.2103705810235324e-05
0312213,4.2079490021995096e-05
2123210,4.206439837085574e-05
0422120,4.205196776235092e-05
0421204,4.2051967762350916e-05
1232400,4.1991261780861384e-05
0142320,4.1539252097706876e-05
4232424,4.135431634133533e-05
4242324,4.135431634133533e-05
2103120,4.1343639692716306e-05
1031204,4.133339955161699e-05
4122132,4.1158043366567215e-05
1301242,4.096608719435334e-05
3242320,4.093571808704487e-05
3232420,4.0935718087044864e-05
0121342,4.086142144325668e-05
0301422,4.0767051179649e-05
0321342,4.0737935158164013e-05
0342132,4.0737935158163946e-05
3212131,4.060362043031105e-05
2124213,4.0584535007732496e-05
3212123,4.055566598842991e-05
1312124,4.053977468349414e-05
0423244,4.051719496378014e-05
1321031,4.03151824047487e-05
2212124,4.028117486142192e-05
1421244,4.0089221404243845e-05
1240044,4.005003880213982e-05
0121423,3.9955738302138995e-05
3121213,3.991976816611922e-05
2041232,3.988469760752368e-05
4240040,3.9846878481810446e-05
2124204,3.98420226630835e-05
2120424,3.984202266308343e-05
0321423,3.983498905953328e-05
0042400,3.975923959558462e-05
4004240,3.975117100654056e-05
0142044,3.9618925170838214e-05
1032042,3.961148241887639e-05
3012042,3.9601530315733095e-05
2121212,3.947212456348323e-05
4242441,3.944253884891166e-05
3121204,3.918941803020601e-05
3122120,3.918941803020597e-05
0421223,3.9119815354075065e-05
0424214,3.904541721748287e-05
3204244,3.904329206241755e-05
3242044,3.90432920624175e-05
0122321,3.892618137807112e-05
1321242,3.885091934272349e-05
1324212,3.885091934272341e-05
0322321,3.88085435338298e-05
0142122,3.8779354109958786e-05
1232040,3.873068822052965e-05
1412142,3.859825368528994e-05
1421412,3.859825368528991e-05
4121421,3.8577488987440396e-05
2121241,3.855875273118598e-05
1031223,3.845135066100578e-05
0312232,3.842923551111013e-05
2413210,3.8338945781282255e-05
3212422,3.8215919335981385e-05
3242122,3.821591933598128e-05
0141301,3.8144470506340777e-05
4242320,3.8143200867553375e-05
4232420,3.814320086755335e-05
1413240,3.810832515118837e-05
3014130,3.80415199236629e-05
1324241,3.795192199259536e-05
2422324,3.784861546279173e-05
4212131,3.78337579599804e-05
2232424,3.782365363330226e-05
4412214,3.779787815011266e-05
4212123,3.7789074832515185e-05
3123244,3.775911985428023e-05
4131240,3.771556018585178e-05
0412213,3.769033883246689e-05
1214210,3.7683423573784423e-05
1312120,3.739190743995594e-05
1210321,3.720271814058744e-05
2212120,3.7153387598974924e-05
2124223,3.70639628262087e-05
1210312,3.683910517878169e-05
1221031,3.683910517878165e-05
2120420,3.674833506771334e-05
4123214,3.673682028018543e-05
0042040,3.667198001094063e-05
0441232,3.649483624380719e-05
3121223,3.645686227667774e-05
2424221,3.6392898467196895e-05
3124214,3.638752854913243e-05
4204244,3.6379870715854125e-05
4242044,3.637987071585412e-05
1030141,3.631537976992872e-05
2324242,3.629754709764524e-05
3210324,3.617512658162337e-05
0044122,3.610406010352611e-05
0041214,3.606836373408947e-05
2421323,3.603521859324223e-05
0312322,3.59334148537145e-05
0124134,3.563722711297508e-05
4212422,3.560893898260142e-05
4242122,3.560893898260135e-05
0301413,3.553632236512254e-05
0324134,3.5529528735587544e-05
1242212,3.5501094589872675e-05
1221242,3.5501094589872655e-05
3204412,3.516725556916806e-05
2422320,3.490971366181302e-05
2232420,3.488669008989902e-05
4122322,3.468335220066503e-05
2421214,3.451983273622546e-05
2214123,3.446604900999473e-05
0412232,3.4420828454178515e-05
3213210,3.398799495636935e-05
1242413,3.395517426187268e-05
4210324,3.3707363253723204e-05
2420421,3.356703142978236e-05
2042421,3.3544893380483275e-05
2400424,3.34814944450223e-05
2424004,3.34814944450223e-05
3423240,3.345796713652313e-05
0421324,3.3407592782203126e-05
3210320,3.336616928262039e-05
1242323,3.307859578376353e-05
1232423,3.307859578376348e-05
1032324,3.279795494800001e-05
3012324,3.2789714695159215e-05
4204412,3.276824630956891e-05
1212042,3.274447510587955e-05
1204212,3.274447510587953e-05
2321030,3.2691236289599706e-05
0412322,3.218533733503373e-05
0301421,3.201556417769088e-05
1242041,3.1986778844129925e-05
1204241,3.198677884412985e-05
4213210,3.16694314717901e-05
2132424,3.165193306219706e-05
1242134,3.159090669930794e-05
1320412,3.152986506620953e-05
0042423,3.132032140676408e-05
2103244,3.128948119868312e-05
1032441,3.128173130765321e-05
3012441,3.127387199521497e-05
3121324,3.113348051447901e-05
4210320,3.109002496112444e-05
3204122,3.101452424884039e-05
0123213,3.0890636265314846e-05
2420400,3.088169460767636e-05
2400420,3.0881694607676354e-05
2042400,3.086132758537667e-05
0421320,3.0813531324644646e-05
0323213,3.0797282442030704e-05
0124413,3.070344660700757e-05
0324413,3.0610658484932386e-05
0121340,3.056991783840236e-05
0321340,3.047753325029656e-05
0142121,3.0454567214235213e-05
0400412,3.044921888396703e-05
2412214,3.0373385715809026e-05
0123204,3.0325478163671254e-05
1032320,3.0251231172599173e-05
3012320,3.0243630765988366e-05
0323204,3.0233832290624695e-05
3212421,3.0012085316618275e-05
3242121,3.0012085316618235e-05
1412213,2.9841135860197788e-05
1301244,2.983942568457583e-05
1034242,2.983421953474464e-05
1030122,2.977886478569516e-05
1424242,2.9517706511232373e-05
3421031,2.9352810992985406e-05
0124132,2.9345310385101157e-05
0324132,2.9256626652711143e-05
2132420,2.9194196578483474e-05
2321210,2.8971001437556865e-05
0120441,2.8923555178854645e-05
4204122,2.8898802403310253e-05
1032044,2.8852740567736354e-05
3012044,2.884549152194048e-05
0320441,2.8836146022380043e-05
4412142,2.876577915391694e-05
1232130,2.8743988140287665e-05
3121320,2.8716001279480622e-05
4121342,2.859200395646718e-05
1244130,2.85698066416563e-05
2042040,2.8464980714764668e-05
2141213,2.8462076657595215e-05
4413240,2.8400654448325945e-05
0044121,2.835358015535532e-05
0122122,2.831063143594126e-05
1321244,2.8298751477159396e-05
3421242,2.8286705512619944e-05
3424212,2.828670551261991e-05
1032122,2.8241317468717926e-05
3012122,2.823422203862577e-05
0322122,2.822507458106027e-05
0312321,2.8219567422305596e-05
0123223,2.8210977260116973e-05
0122323,2.821097726011697e-05
0322323,2.8125721567641293e-05
0323223,2.8125721567641293e-05
2044122,2.8024158342826692e-05
2041214,2.7996450636089883e-05
4212421,2.7964746978463444e-05
4242121,2.7964746978463427e-05
4121423,2.7958269371631384e-05
2141204,2.794135014764296e-05
1242141,2.764112437712657e-05
3424241,2.7632160556415133e-05
3212400,2.761114146260214e-05
3221240,2.7611141462602117e-05
0342042,2.7501799772737084e-05
1412232,2.725251749227838e-05
1321412,2.724628591506499e-05
4122321,2.723785645875132e-05
0042130,2.7216117423821207e-05
1213124,2.7144192339144523e-05
1232124,2.7112134000992825e-05
1212324,2.711213400099279e-05
1210323,2.696193148989174e-05
3214122,2.680095818453846e-05
1223210,2.660659646643238e-05
1421030,2.6585000790545262e-05
2324244,2.6438892101510434e-05
3241221,2.6407099084834355e-05
2424232,2.6375030756708447e-05
2423242,2.6375030756708433e-05
0141324,2.6363521336438102e-05
2421034,2.6107308907653068e-05
1242132,2.601338649326163e-05
1213242,2.601338649326161e-05
2141223,2.5993087046403726e-05
1212441,2.5858761387434114e-05
1221244,2.585876138743408e-05
4221240,2.572758862446262e-05
4212400,2.5727588624462617e-05
0042124,2.567100358447377e-05
0441214,2.5616989538845043e-05
1412322,2.5482578662670384e-05
3212040,2.546716783558016e-05
0412321,2.5276091922606293e-05
0142210,2.524338661739891e-05
0142103,2.524338661739891e-05
3014210,2.5175255605838726e-05
2131240,2.506928046965964e-05
2123240,2.503967268245877e-05
1213120,2.5036476778715343e-05
1212320,2.500690773393883e-05
1232120,2.5006907733938804e-05
4214122,2.4972673724740948e-05
4124134,2.493647314806904e-05
1221412,2.489704207410475e-05
3242210,2.4876619244407817e-05
3242103,2.4876619244407817e-05
4241221,2.460568256260763e-05
2424131,2.4564071034267875e-05
3204121,2.435661797449265e-05
2420423,2.4327039715451935e-05
0141320,2.4316423988532013e-05
2042423,2.4310995603667782e-05
0424130,2.411506672828915e-05
2441221,2.3876720131575346e-05
1212044,2.3850858073577833e-05
2324412,2.381416182869658e-05
0423210,2.3811162018414946e-05
1342412,2.3747379770818855e-05
4212040,2.372987072596759e-05
0042120,2.3677679449763712e-05
1421210,2.355965033862499e-05
1030121,2.3386218259542312e-05
0301221,2.3372767763957308e-05
1212122,2.3345430676712047e-05
0301423,2.3202644621479892e-05
4242210,2.3179607665057334e-05
4242103,2.3179607665057327e-05
2412142,2.3115427331338008e-05
0424213,2.297346392527262e-05
3420412,2.2956368165005964e-05
3204210,2.2944978147218278e-05
2422130,2.2918855934104436e-05
2421301,2.291885593410443e-05
2413240,2.2822022673191774e-05
0342324,2.2771245478692538e-05
4204121,2.2695079389589384e-05
4004124,2.258287480939639e-05
0424204,2.255315405697887e-05
0420424,2.2553154056978863e-05
3124130,2.2473512682736894e-05
1214240,2.243180999578426e-05
0421212,2.2343767879569804e-05
4412213,2.2239439401985803e-05
0121221,2.2233171431854717e-05
0122121,2.2233171431854717e-05
3123210,2.2190295288870432e-05
1032121,2.2178737134993995e-05
3012121,2.2173164885078677e-05
0322121,2.216598111764206e-05
0321221,2.2165981117642057e-05
0142131,2.209744098850814e-05
0142123,2.2071343058363607e-05
2044121,2.2008195687168784e-05
2121031,2.1967406943027153e-05
1031212,2.196196597681434e-05
0312212,2.1949334634579757e-05
0421241,2.1826740523320853e-05
3242131,2.1776381833331442e-05
3212423,2.175066308643303e-05
3242123,2.175066308643299e-05
1312424,2.1742140321210502e-05
1034244,2.1731047254789836e-05
0342441,2.171854872459083e-05
2422124,2.161770629051861e-05
4123213,2.161513630998336e-05
2212424,2.1603449031916694e-05
1424244,2.1500501271755442e-05
2421032,2.1497943170103115e-05
4124413,2.148415390012364e-05
1031241,2.1453773389591663e-05
3124213,2.140962074491599e-05
4121340,2.1390719679154016e-05
4204210,2.13797375805152e-05
0041213,2.1221831193999817e-05
4123204,2.1219677657115333e-05
2121242,2.1169542202339237e-05
2124212,2.1169542202339223e-05
2042130,2.1125291226945396e-05
3214121,2.104758063072859e-05
3124204,2.1017922091861957e-05
3120424,2.1017922091861913e-05
0342320,2.100308425193253e-05
2324122,2.1002062502410714e-05
0312413,2.0993535299667152e-05
0424223,2.0980593044944793e-05
1324242,2.0836379741929025e-05
0041204,2.0833568235348188e-05
4004120,2.082934035015415e-05
3121212,2.0822789191480115e-05
0420420,2.0801927380247024e-05
0142422,2.0797998143978956e-05
0121322,2.0744582833834953e-05
0321322,2.0681891146187595e-05
2124241,2.067968603766415e-05
3421244,2.0603848324612437e-05
0044123,2.0548694392516036e-05
4124132,2.053382386121165e-05
4132412,2.0533823861211614e-05
3242422,2.0495818913499508e-05
0312323,2.045157132442178e-05
3121241,2.0340956776131577e-05
2421213,2.0310709644998513e-05
4412232,2.0310242685147772e-05
4242131,2.0290859553778588e-05
4212423,2.0266895265991514e-05
4242123,2.0266895265991494e-05
4120441,2.023870866208901e-05
3213240,2.0232032355185072e-05
1312420,2.0053887935599335e-05
0342044,2.0032128199536396e-05
1412321,2.0012218421013705e-05
2422120,1.9939116065396812e-05
2421204,1.9939116065396812e-05
2042124,1.9925965866656176e-05
2212420,1.9925965866656173e-05
3421412,1.983756572639345e-05
4122122,1.9809826908508104e-05
0312041,1.9776531423692698e-05
4123223,1.9740095790773904e-05
4122323,1.97400957907739e-05
0412212,1.9659883213700803e-05
4214121,1.9611775077862354e-05
0342122,1.9607624125999923e-05
3124223,1.955240801112059e-05
0312134,1.9531774740002047e-05
3120420,1.9385904425341766e-05
0041223,1.938090857339185e-05
1424412,1.9366031478090175e-05
2423244,1.9211397135865185e-05
3232412,1.9138020874752263e-05
3241232,1.913802087475226e-05
4242422,1.909765296165707e-05
4412322,1.8991176027273315e-05
1213244,1.894797785756852e-05
3212130,1.89004637889345e-05
4213240,1.8851861165393627e-05
0412413,1.8803779663732097e-05
1321030,1.8766199592793424e-05
2421223,1.8548823760398228e-05
2424214,1.8513547573349284e-05
0122103,1.8428780755186018e-05
2103210,1.838821534807655e-05
1032103,1.8383660888886982e-05
1032210,1.8383660888886968e-05
3012103,1.8379042124878555e-05
3012210,1.8379042124878535e-05
2042120,1.8378737354973163e-05
0322103,1.837308759538233e-05
1212121,1.8333853257927593e-05
0412323,1.8318345884679374e-05
2412213,1.7871031500160084e-05
4241232,1.783248000880012e-05
4232412,1.7832480008800114e-05
3212124,1.7827446366368293e-05
0412041,1.7713716822620516e-05
3204123,1.765197539255304e-05
4212130,1.7611128385687255e-05
0121424,1.756373035060609e-05
1242042,1.7561394409680442e-05
1204242,1.756139440968041e-05
1301210,1.753604611935845e-05
0321424,1.7510651438107227e-05
0412134,1.7494489775548662e-05
2441232,1.7304178956981137e-05
2321240,1.724556683026463e-05
2120412,1.718036073393966e-05
1210301,1.7148130291567177e-05
1221030,1.7148130291567153e-05
0312141,1.7089734714902712e-05
1424122,1.7079190376391447e-05
1030123,1.6948697461799992e-05
0301232,1.6938949482120202e-05
1321210,1.663062205919881e-05
4212124,1.6611309132576854e-05
2324121,1.649353731636754e-05
2041213,1.647249522630021e-05
4204123,1.6447808285066903e-05
3212120,1.644316549922589e-05
0142421,1.6333279574521998e-05
2412232,1.63207795053396e-05
2232412,1.6310015663382217e-05
0121321,1.6291330960616863e-05
0321321,1.6242097334656602e-05
0121420,1.6199926731156765e-05
2041204,1.6171123507975238e-05
0321420,1.6150969335644175e-05
0121312,1.6132102296733717e-05
0122131,1.6132102296733697e-05
0123212,1.6113049661677758e-05
0121232,1.6113049661677758e-05
0122123,1.611304966167774e-05
3242421,1.609596933827392e-05
1032131,1.6092605473345304e-05
3012131,1.60885623207104e-05
0321312,1.6083349871756887e-05
0312132,1.608334987175688e-05
0322131,1.6083349871756876e-05
1032123,1.6073599485561232e-05
3012123,1.6069561108045537e-05
0323212,1.6064354815195302e-05
0321232,1.60643548151953e-05
0322123,1.606435481519529e-05
2044123,1.5950002956536808e-05
1301412,1.5870115801906877e-05
2421324,1.5840349581601162e-05
1223240,1.5838107580668993e-05
0123241,1.5740199052389827e-05
0323241,1.5692630988457005e-05
1412212,1.5565613474143156e-05
4122121,1.5557239642952028e-05
4121221,1.5557239642952025e-05
2324210,1.5537619126378963e-05
2121244,1.541975386436866e-05
0342121,1.539844385142492e-05
4212120,1.5321459933883213e-05
0412141,1.5307169635966892e-05
2412322,1.526081205887688e-05
3214123,1.525381626281126e-05
1212103,1.5196687666610366e-05
1221210,1.519668766661035e-05
1212210,1.5196687666610344e-05
1324244,1.517708054213662e-05
3424242,1.5170620095492172e-05
2214124,1.515057453036514e-05
1032422,1.5146277749558415e-05
3012422,1.5142472355031518e-05
0441213,1.5072472699337237e-05
2041223,1.5043561558760403e-05
0142400,1.5026629710086831e-05
4242421,1.4997948498723483e-05
3014240,1.4986073365646784e-05
4412321,1.4914329030855076e-05
1412413,1.4887797802106608e-05
2121412,1.4846274149854795e-05
2141212,1.4846274149854795e-05
3242400,1.4808304111100847e-05
0441204,1.4796715023623786e-05
2421320,1.46103645122856e-05
1242324,1.4540678295803513e-05
1232424,1.4540678295803501e-05
4121322,1.4515628030315462e-05
1412323,1.4503458053498048e-05
2141241,1.4502736304527238e-05
2400412,1.4437624247673235e-05
0412132,1.4405756959287618e-05
4214123,1.421324468944143e-05
0423240,1.4174069432149473e-05
1412041,1.4024746040158973e-05
1421240,1.402435208489939e-05
1240040,1.401064489408199e-05
0120422,1.400447423881658e-05
2214120,1.3974149706663828e-05
0320422,1.3962151665657238e-05
1242441,1.3868474183878566e-05
0142040,1.3859829060244586e-05
1412134,1.385117413025972e-05
4242400,1.379812409828698e-05
0042424,1.3767776621293732e-05
0441223,1.3764986286545906e-05
1324412,1.3670370555994495e-05
3421030,1.3663356503604011e-05
3204240,1.3658456194884769e-05
3242040,1.365845619488476e-05
2132412,1.3648695311820087e-05
3244122,1.3446934777843474e-05
3241214,1.3433639687201469e-05
1424121,1.3412790471127454e-05
1242320,1.3411611218752849e-05
1232420,1.3411611218752827e-05
1212131,1.3302807346073674e-05
1212123,1.3287096217485322e-05
3123240,1.320921616093754e-05
4122103,1.2895189488130278e-05
1242044,1.2791602989055165e-05
1204244,1.2791602989055148e-05
1034210,1.2770910905263614e-05
0342210,1.2763565763828566e-05
0342103,1.2763565763828559e-05
4242040,1.272671550733208e-05
4204240,1.2726715507332077e-05
0042420,1.2698724477297326e-05
1424210,1.2635423545893497e-05
4244122,1.2529623474383263e-05
1212422,1.2520534058094522e-05
1242122,1.2520534058094505e-05
4241214,1.25172353366735e-05
0421031,1.2434968907276244e-05
0122324,1.2400972140145606e-05
0322324,1.2363495470782773e-05
4121424,1.2289886889329603e-05
2441214,1.2146402530974743e-05
1412141,1.2119374431001507e-05
3421210,1.2108478168312512e-05
1324122,1.2056102537362559e-05
2412321,1.1984764503117995e-05
0421242,1.1983326013401803e-05
0424212,1.1983326013401791e-05
2324123,1.1953363769533754e-05
0124221,1.1924011340243851e-05
1032421,1.1894817341760303e-05
3012421,1.189182885352846e-05
0301214,1.1890035313040501e-05
0324221,1.188797608224738e-05
1210324,1.1851917009743304e-05
0142423,1.1837220152284188e-05
0121323,1.180681872704606e-05
1031242,1.1778559445027311e-05
0321323,1.1771137633930142e-05
0424241,1.1706035835613846e-05
3242423,1.1665234269226086e-05
4412212,1.160044708870026e-05
3121031,1.1588499198274363e-05
1204412,1.1521712122437813e-05
0122320,1.1438050804426222e-05
2424130,1.1434259560396498e-05
1412132,1.1405685486191078e-05
0322320,1.1403484155674145e-05
4121321,1.1399549570954639e-05
2124242,1.135356969032311e-05
4121420,1.1335591196574782e-05
0121214,1.1310307624469267e-05
2423210,1.1290161873523742e-05
4121312,1.1288132336141793e-05
4122131,1.1288132336141778e-05
0321214,1.127612702520302e-05
4121232,1.1274800616449724e-05
4123212,1.1274800616449723e-05
4122123,1.127480061644971e-05
0342131,1.1172912158891863e-05
3121242,1.1167600412551808e-05
3124212,1.1167600412551801e-05
0342123,1.1159716518673371e-05
1213210,1.1135355522296741e-05
4412413,1.1095297397529183e-05
0041212,1.1069646380984829e-05
3424244,1.1050178865770903e-05
4123241,1.1013905480661658e-05
0120421,1.0998125466368622e-05
0124004,1.097009955968774e-05
0320421,1.0964888305035151e-05
2103240,1.094595219147157e-05
1032400,1.094324105873773e-05
3012400,1.0940491647277037e-05
0324004,1.0936947094749524e-05
1210320,1.0931629178363393e-05
3124241,1.0909185853822612e-05
2424213,1.0892963825591238e-05
4242423,1.0869465461727738e-05
0312042,1.0857719374598491e-05
0041241,1.0813498445962444e-05
4412323,1.080886391225575e-05
2424204,1.0693672146906847e-05
2420424,1.0693672146906846e-05
2042424,1.0686619481505924e-05
2421212,1.0594390816781151e-05
3244121,1.0560273331424659e-05
0342422,1.0515887629898867e-05
4412041,1.0452098443892424e-05
1301240,1.0438681449856773e-05
2421241,1.0349240137424289e-05
4412134,1.0322742041703994e-05
0142130,1.0286074956006467e-05
2121030,1.0225545778019485e-05
0301424,1.0199410919927786e-05
1204122,1.0161168798249766e-05
3242130,1.0136626043022513e-05
0120400,1.0118283847047536e-05
1032040,1.0093510878047623e-05
3012040,1.0090974955249429e-05
0320400,1.008770563318095e-05
3424412,9.953168488874675e-06
2424223,9.94803577821026e-06
1321240,9.89970970692729e-06
2420420,9.863320707433016e-06
2042420,9.856815673452555e-06
4244121,9.839881788326923e-06
1242121,9.832743602411832e-06
1212421,9.83274360241183e-06
4120422,9.79936499273611e-06
0420412,9.72519205823434e-06
0412042,9.725192058234334e-06
1424123,9.720653646978405e-06
0142124,9.70211374950535e-06
3212424,9.561149352520911e-06
3242124,9.561149352520906e-06
1324121,9.468011871077805e-06
4242130,9.445134502248867e-06
0301420,9.40743830071888e-06
1312412,9.375473153185097e-06
2412212,9.32181569826762e-06
2212412,9.315667796392038e-06
2324240,9.249077896209681e-06
3120412,9.063181517403455e-06
2121210,9.061887375885273e-06
1212400,9.046131640221555e-06
1221240,9.046131640221543e-06
0044124,9.03278834789651e-06
4412141,9.032098996195774e-06
0312324,8.990095021447823e-06
0142120,8.948755688105363e-06
1324210,8.919273016762454e-06
2412413,8.915890626145147e-06
4242124,8.908915180195629e-06
4212424,8.908915180195629e-06
3212420,8.81873701568988e-06
3242120,8.818737015689858e-06
1214122,8.780694421843708e-06
3424122,8.777846904881469e-06
0421244,8.728575036578909e-06
2412323,8.685720173306975e-06
4122324,8.677344839495209e-06
1241221,8.651655886133478e-06
0124232,8.641690524478176e-06
0123242,8.641690524478164e-06
1032423,8.6205327535848e-06
3012423,8.618366906060951e-06
0323242,8.615574686553384e-06
0324232,8.61557468655338e-06
2041212,8.592316822271182e-06
1031244,8.57942442888947e-06
0312441,8.574490005156582e-06
0121034,8.553972356961375e-06
0321034,8.528121609928174e-06
4412132,8.500214348294387e-06
0421412,8.403948537082247e-06
2412041,8.39903277943674e-06
2041241,8.39349346917261e-06
1212040,8.343709841054969e-06
4124221,8.343600574215342e-06
0044120,8.331402640152702e-06
2412134,8.295085359878565e-06
0312320,8.292024401784688e-06
2124244,8.269864715704316e-06
4121323,8.261597267872387e-06
0342421,8.258435809271388e-06
4212420,8.217148082570008e-06
4242120,8.217148082569992e-06
1242210,8.150230686890776e-06
1242103,8.150230686890775e-06
3121244,8.13440592957851e-06
0412324,8.05237248163724e-06
0124131,8.048335634469344e-06
0324131,8.024012959594703e-06
4122320,8.003558914576077e-06
1204121,7.979864679128768e-06
0120423,7.97067311643434e-06
2141242,7.962298220289025e-06
0320423,7.946585143523192e-06
4121214,7.91417304943154e-06
0312044,7.908690640754394e-06
3241213,7.904057857034441e-06
0441212,7.862042692898469e-06
3121412,7.831877313929588e-06
3204124,7.759449559057168e-06
3241204,7.759449559057144e-06
0312122,7.741096296314372e-06
1412042,7.699871809756626e-06
4120421,7.695729510653839e-06
0412441,7.68011764023346e-06
0441241,7.680117640233452e-06
4124004,7.676118914487573e-06
3244123,7.653348473099134e-06
1034240,7.602139607592795e-06
0342400,7.597767265553845e-06
1424240,7.521488052771346e-06
1204210,7.517374574422316e-06
0121301,7.509286415040671e-06
0122130,7.509286415040662e-06
1032130,7.490901151058808e-06
3012130,7.489019115438357e-06
0321301,7.486592787400281e-06
0322130,7.4865927874002745e-06
1030124,7.450302876698962e-06
2124412,7.448870999778369e-06
0412320,7.427114947139054e-06
4241213,7.364865711371046e-06
2412141,7.257958384471063e-06
4204124,7.230122176516378e-06
4241204,7.230122176516364e-06
3241223,7.218407369543859e-06
3421240,7.20781329960278e-06
3204120,7.156937155237913e-06
2441213,7.146675852198189e-06
1242131,7.13451187734709e-06
4244123,7.131259002176626e-06
1212423,7.1260857436292946e-06
1242123,7.126085743629291e-06
0412044,7.083765269383843e-06
0122124,7.082969090536922e-06
4120400,7.080077040129113e-06
1032124,7.06562759504622e-06
3012124,7.063852406381122e-06
0322124,7.061563825875949e-06
0121032,7.043729105096791e-06
0321032,7.022442426619503e-06
2441204,7.015924199075853e-06
2044124,7.011297073316387e-06
0342040,7.007809307326686e-06
0301213,6.9958350249628325e-06
0412122,6.933652052112248e-06
1214121,6.8957375540462204e-06
3424121,6.893501315235374e-06
1030120,6.871795359992218e-06
0301204,6.867843072703842e-06
1324123,6.861753661353588e-06
2412132,6.8305498007705e-06
4241223,6.725988332606655e-06
2423240,6.72069419257116e-06
1242422,6.714965993593016e-06
3214124,6.705267554607161e-06
4204120,6.668711439926825e-06
0121213,6.654736015425047e-06
0321213,6.634624903285728e-06
1213240,6.62854262226425e-06
2124122,6.569269808237563e-06
0121204,6.53298462315476e-06
0122120,6.532984623154753e-06
2441223,6.5267257113175945e-06
1032120,6.516989675000222e-06
3012120,6.515352327709272e-06
0321204,6.513241452868792e-06
0322120,6.513241452868785e-06
3424210,6.493973720059997e-06
2044120,6.466877856285219e-06
0424242,6.426852584463787e-06
0301223,6.388969819516428e-06
1412324,6.37542533882621e-06
0123244,6.294549952278882e-06
0323244,6.275527349479403e-06
1241232,6.270115866118977e-06
1232412,6.270115866118969e-06
4214124,6.24785344334807e-06
1212130,6.1922859555632786e-06
3214120,6.184611180488208e-06
1412441,6.0806944438262005e-06
0312121,6.079310573340125e-06
0121223,6.077460004086579e-06
0124214,6.065901879503805e-06
0321223,6.059093463418233e-06
0324214,6.047570268356183e-06
4124232,6.046858893774992e-06
4123242,6.046858893774983e-06
3124242,5.989365681397566e-06
4121034,5.9854797712650875e-06
0342423,5.985137420922006e-06
0041242,5.9368313415798285e-06
0042412,5.9368313415798175e-06
2421031,5.896092418623132e-06
1412320,5.880380836374029e-06
3014122,5.866139684305698e-06
1212124,5.840737401515547e-06
2141244,5.799685112604398e-06
0421030,5.788318309001111e-06
1204123,5.783248524052049e-06
4214120,5.7627147530052655e-06
4412042,5.738415364562007e-06
2421242,5.681944055056265e-06
2424212,5.6819440550562565e-06
4124131,5.6316700735260235e-06
1412044,5.608535459048252e-06
4120423,5.577327200848194e-06
2424241,5.550465759677689e-06
1412122,5.489684075649323e-06
0412121,5.445200862872153e-06
3121030,5.394297531694345e-06
2121240,5.394269324310239e-06
1212120,5.38721080725391e-06
1324240,5.309375280640084e-06
1242421,5.273460269949795e-06
4121301,5.254480615346303e-06
4122130,5.2544806153462975e-06
2324124,5.254455729067486e-06
0142424,5.2034013558535525e-06
0342130,5.2008471027484665e-06
0121324,5.190037507308971e-06
0321324,5.1743528240886555e-06
2124121,5.15904077092504e-06
0421210,5.129612614389178e-06
3242424,5.1277998577332765e-06
1031210,5.0419597231163974e-06
0312103,5.039059858921051e-06
0312210,5.039059858921045e-06
1214123,4.997548910320882e-06
3424123,4.995928240632576e-06
4122124,4.956173160578763e-06
4121032,4.928715725684729e-06
0342124,4.905584530587708e-06
2124210,4.860037541889024e-06
1242400,4.851587484671411e-06
2324120,4.846453237655327e-06
0142420,4.79936317826244e-06
0121320,4.787037017307631e-06
3121210,4.7804310660176605e-06
4242424,4.777996066081751e-06
0321320,4.772570231841313e-06
4412324,4.751356856822088e-06
3242420,4.729632050201032e-06
0424244,4.681276714810704e-06
4121213,4.6565251956911054e-06
0141221,4.619319387158955e-06
2420412,4.6112404133682145e-06
2412042,4.611240413368208e-06
2041242,4.608199218980367e-06
2042412,4.60819921898036e-06
3014121,4.606852006797651e-06
4121204,4.571331970234384e-06
4122120,4.5713319702343786e-06
4412441,4.531705369360166e-06
0342120,4.5246714896345694e-06
0412103,4.51345473484929e-06
0412210,4.513454734849285e-06
1242040,4.474867252716725e-06
1204240,4.474867252716714e-06
0312131,4.411069305309466e-06
4242420,4.406990123804116e-06
0312123,4.405859662317208e-06
1244122,4.40556730776974e-06
4123244,4.404491835646577e-06
1241214,4.401211488569758e-06
4412320,4.382419418745008e-06
3124244,4.362614161804688e-06
0041244,4.324348497782576e-06
1412121,4.31121034643134e-06
1424124,4.273001744984014e-06
4121223,4.252587265556102e-06
4124214,4.244499687294566e-06
0441242,4.216541329469796e-06
0424412,4.216541329469793e-06
4412044,4.179823618636395e-06
0312422,4.151675810447886e-06
2421244,4.138690292055489e-06
3212412,4.12288292430458e-06
3241212,4.122882924304576e-06
4412122,4.091248299274367e-06
3241241,4.027480784881787e-06
2421412,3.984767282127699e-06
0412131,3.950967481870769e-06
0412123,3.946301236878926e-06
1424120,3.941208035481893e-06
3124412,3.929514113015541e-06
3424240,3.865667468370439e-06
4212412,3.8416316821598454e-06
4241212,3.841631682159843e-06
1242423,3.821835651248662e-06
2412324,3.818066027742913e-06
1032424,3.789410963141324e-06
3012424,3.7884589005964702e-06
4241241,3.7527376029242e-06
0124130,3.7463968633428006e-06
2124123,3.7389123905838015e-06
0324130,3.735074970594168e-06
2441212,3.7278203638583726e-06
0412422,3.7186303336030405e-06
0424122,3.7186303336030316e-06
0123210,3.6991837386744667e-06
0323210,3.688004527535215e-06
0301212,3.64913937718731e-06
2441241,3.6415598406697557e-06
2412441,3.6415598406697557e-06
4121324,3.631630219943813e-06
1412103,3.5735050443608664e-06
1412210,3.573505044360862e-06
0124213,3.569043128078727e-06
0301241,3.564699505857631e-06
0324213,3.5582572116407925e-06
2412320,3.521597557549589e-06
0124204,3.503745876781449e-06
0120424,3.503745876781442e-06
1032420,3.495167526015523e-06
3012420,3.4942893900408617e-06
0320424,3.493157293542036e-06
0324204,3.4931572935420344e-06
0121212,3.471216681357225e-06
3124122,3.465496774537303e-06
0321212,3.4607264037899653e-06
1244121,3.4598215666736758e-06
2141210,3.4083613635016603e-06
0121241,3.390893882024424e-06
0321241,3.3806463459905595e-06
3244124,3.3642564140415353e-06
2412044,3.358796874488401e-06
2041244,3.3565816887056405e-06
4121320,3.3496382774809783e-06
0141232,3.3477600312927544e-06
3014123,3.3387245448562584e-06
1242130,3.321023641745455e-06
2412122,3.28762006585382e-06
0312421,3.2604331073304158e-06
0124223,3.259440616950322e-06
0324223,3.249590342558216e-06
0120420,3.231684007634135e-06
0320420,3.2219176158004547e-06
4412121,3.212977605740457e-06
4244124,3.1347564954858406e-06
1242124,3.1324824361887184e-06
1212424,3.1324824361887167e-06
1412131,3.1281585960211e-06
1412123,3.1244641200606295e-06
3244120,3.1030257425021476e-06
0441244,3.071300684630656e-06
0421240,3.053504289297262e-06
2424242,3.047318982574406e-06
1324124,3.016287426075337e-06
1031240,3.001327156326254e-06
0312400,2.9996009542863513e-06
1412422,2.9442068295579163e-06
0412421,2.9203497592685387e-06
0424121,2.9203497592685357e-06
2124240,2.8930343470139365e-06
4244120,2.8913462307359932e-06
1212420,2.889248749548328e-06
1242120,2.889248749548324e-06
3121240,2.8456470034069013e-06
1324120,2.782076149378119e-06
0312040,2.766685363082328e-06
0424210,2.75109465028453e-06
2421030,2.7445552902274535e-06
3124121,2.7215565311274284e-06
0412400,2.6867240137689134e-06
4412103,2.663194499668998e-06
4412210,2.6631944996689953e-06
0342424,2.6309447463461955e-06
4124130,2.6214700848805387e-06
1241213,2.589575949386436e-06
4123210,2.588433597170761e-06
2412121,2.5818647207613316e-06
3124210,2.563822908358393e-06
1204124,2.5421984912127917e-06
1241204,2.5421984912127913e-06
0041210,2.5413349269819115e-06
1244123,2.5074370021940693e-06
4124213,2.4973701754486928e-06
0412040,2.478102959966804e-06
4124204,2.451679663432833e-06
4120424,2.451679663432829e-06
2421210,2.432227235282923e-06
4121212,2.4289179764572184e-06
0342420,2.4266548890087813e-06
4121241,2.3727136224430726e-06
1241223,2.364938928225147e-06
0312423,2.3629341741917525e-06
0141214,2.349908713859281e-06
1204120,2.344799679316602e-06
4412131,2.3312950908414626e-06
4412123,2.328541741417033e-06
1412421,2.3121722071269712e-06
4124223,2.2807316956687295e-06
4120420,2.261309535221164e-06
0142412,2.243769426391773e-06
2424244,2.2196468968669236e-06
3241242,2.2111691485214424e-06
3242412,2.21116914852144e-06
0123240,2.2020129514762954e-06
1214124,2.196820912458083e-06
3424124,2.19610849900754e-06
0323240,2.195358302922736e-06
4412422,2.1942029847530075e-06
2412103,2.140073404475653e-06
2412210,2.1400734044756506e-06
1412400,2.127200200298292e-06
0412423,2.116465518416469e-06
0424123,2.1164655184164662e-06
4241242,2.0603295343408717e-06
4242412,2.0603295343408695e-06
0312130,2.0532961049267533e-06
2141240,2.0288951282077813e-06
1214120,2.0262402754358923e-06
3424120,2.025583180076837e-06
2441242,1.999290673815087e-06
2424412,1.9992906738150846e-06
2041210,1.972597325388935e-06
3124123,1.9723940724124314e-06
1412040,1.9620255321299153e-06
0301242,1.957092781346039e-06
0312124,1.936726346698723e-06
0121031,1.93183494098878e-06
0321031,1.9259967906785605e-06
2412131,1.8733677253067905e-06
2412123,1.8711552057641203e-06
0121242,1.8616699466295743e-06
0124212,1.8616699466295733e-06
0321242,1.856043840203071e-06
0324212,1.8560438402030671e-06
0412130,1.8391246157598895e-06
0124241,1.8185915233349e-06
0324241,1.8130956031396218e-06
0441210,1.8049432660475138e-06
0312120,1.7863417559093584e-06
2412422,1.7632040965369348e-06
2424122,1.7632040965369316e-06
0412124,1.734713804627514e-06
4412421,1.723172131525399e-06
1242424,1.6800012632796471e-06
1412423,1.6757009099659512e-06
2124124,1.6435498835279538e-06
0424240,1.63764399895271e-06
1032412,1.6340397139585176e-06
3012412,1.6336291731057057e-06
3241244,1.6106009141245719e-06
0412120,1.6000152572099876e-06
4412400,1.5853196799229468e-06
1242420,1.5495510822643621e-06
4123240,1.5408167605777798e-06
3124240,1.5261667568639874e-06
2124120,1.5159301105550875e-06
0041240,1.512780337117962e-06
0120412,1.5108574831200661e-06
0320412,1.506291558311161e-06
4241244,1.5007303415146586e-06
3014124,1.4676354414321052e-06
4412040,1.462221415812521e-06
2441244,1.456270041123036e-06
1412130,1.4561176477259287e-06
2421240,1.4478318059825644e-06
0301244,1.4255333766619631e-06
2412421,1.384696029700221e-06
2424121,1.3846960297002205e-06
0141213,1.382634555159973e-06
1412124,1.3734509141068946e-06
0141204,1.3573386333230213e-06
0121244,1.356028017958192e-06
3014120,1.3536752241489814e-06
0321244,1.3519299994237225e-06
4121031,1.3517648267008118e-06
1212412,1.3507642094766895e-06
1241212,1.3507642094766895e-06
1241241,1.3195079749908307e-06
0121412,1.3055956590858212e-06
2424210,1.3044430132001236e-06
4121242,1.3026682038848434e-06
4124212,1.3026682038848426e-06
0321412,1.3016500509283193e-06
2412400,1.2739214071734614e-06
4124241,1.2725248949696085e-06
1412120,1.2668040178949877e-06
0141223,1.262695648599078e-06
4412423,1.248834796960481e-06
2412040,1.175002863600101e-06
2041240,1.1742279284863043e-06
0342412,1.1344951082308545e-06
1244124,1.1022183358156374e-06
4412130,1.0851879211459837e-06
0441240,1.074428503500274e-06
4120412,1.05719384224104e-06
0312424,1.0386978300314436e-06
4412124,1.0235796157016606e-06
1244120,1.01663233979988e-06
2412423,1.0035309609910388e-06
2424123,1.0035309609910377e-06
0124242,9.98443862291145e-07
0324242,9.954264899366567e-07
0312420,9.580441288054874e-07
4121244,9.488548632206084e-07
3241210,9.465186162938997e-07
4412120,9.440998265667554e-07
0412424,9.303552190858291e-07
0424124,9.303552190858287e-07
4121412,9.135657774893348e-07
0241342,9.040117374597419e-07
0121030,8.992443521390963e-07
0321030,8.965267681561105e-07
4241210,8.819498324032742e-07
2412130,8.720286142042516e-07
3124124,8.670243400590908e-07
0412420,8.581141979681803e-07
0424120,8.581141979681785e-07
2441210,8.558213845440705e-07
0301210,8.377580487666924e-07
2412124,8.225217922306424e-07
3124120,7.997008894299098e-07
0121210,7.969111106032037e-07
0321210,7.945027853633653e-07
2424240,7.764957386406305e-07
2412120,7.586539136577167e-07
0301412,7.581707505450699e-07
1412424,7.366040569279539e-07
0124244,7.272598744349709e-07
0324244,7.250620404630009e-07
1241242,7.244368083591902e-07
1242412,7.244368083591895e-07
0141212,7.21204285334176e-07
0141241,7.045158580746587e-07
4124242,6.98642138540923e-07
1412420,6.794075924590755e-07
0241340,6.763241111783781e-07
0124412,6.550608956992766e-07
0324412,6.530812524645998e-07
0244134,6.319807587896645e-07
4121030,6.292291644796633e-07
0124122,5.777079190661714e-07
0324122,5.759620423375999e-07
3241240,5.634340976637842e-07
4121210,5.576234213721823e-07
4412424,5.489623908437092e-07
1241244,5.276749571822656e-07
4241240,5.249982403416012e-07
0244132,5.204016425100093e-07
2441240,5.094447602626267e-07
4124244,5.088862910973473e-07
4412420,5.063360876251353e-07
0301240,4.986921991197988e-07
0121240,4.7437724392474165e-07
0321240,4.72943640258601e-07
0241322,4.589499265593352e-07
4124412,4.583664263263548e-07
0124121,4.536910182028653e-07
0232214,4.524043124791637e-07
0324121,4.523199298647954e-07
0312412,4.478990327475374e-07
2412424,4.4113181100667127e-07
2424124,4.4113181100667127e-07
0124210,4.273963860317435e-07
0324210,4.261047620473354e-07
2412420,4.0687842926511133e-07
2424120,4.068784292651106e-07
4124122,4.042401493682817e-07
0412412,4.0118039211418363e-07
0141242,3.867935846811297e-07
0241321,3.604268742263595e-07
0241312,3.569041240134162e-07
0232142,3.442987590301136e-07
4121240,3.3193647103024496e-07
0124123,3.2880355957162116e-07
0324123,3.2780989051502334e-07
1412412,3.176325540277242e-07
4124121,3.174616772811923e-07
1241210,3.1010423870060623e-07
4124210,2.990625075872404e-07
0141244,2.81737876761492e-07
0242214,2.6899293157999413e-07
0232213,2.661847380061841e-07
0241323,2.612122225393256e-07
0124240,2.544162290768772e-07
0324240,2.536473641209767e-07
0232232,2.4309410548834875e-07
4412412,2.3671920433898437e-07
0240041,2.3289218114730457e-07
4124123,2.3007404892234226e-07
0232322,2.2730614400278836e-07
0242142,2.047149639740221e-07
2412412,1.902213576956027e-07
1241240,1.845957373750568e-07
0232321,1.785101995539372e-07
4124240,1.7802292655083336e-07
0241301,1.6613428557718596e-07
0141210,1.6557183280553082e-07
0242213,1.5826951919569482e-07
0242232,1.4454016966988792e-07
0124124,1.4453536097783095e-07
0324124,1.44098564259526e-07
0244131,1.4272696484328716e-07
0232212,1.388462142973154e-07
0242322,1.3515288063101827e-07
0124120,1.3331235512969217e-07
0324120,1.3290947517812737e-07
0232413,1.3280005747799037e-07
0232323,1.2937172365825848e-07
0240042,1.2786256059068992e-07
0232041,1.251015835252539e-07
0232134,1.2355331158352148e-07
0241324,1.1482358319274549e-07
0232141,1.0810555344905017e-07
0242321,1.0613953176486332e-07
0241320,1.059076629849974e-07
0232132,1.017394048653543e-07
4124124,1.0113587503719954e-07
0141240,9.855993808193252e-08
4124120,9.32827897484499e-08
0240044,9.31342394621315e-08
0242212,8.25559111449432e-08
0242413,7.896095547639499e-08
0242323,7.69225187525033e-08
0242041,7.438355641074363e-08
0242134,7.346297675002506e-08
0232042,6.868332257737617e-08
0244130,6.643756891962479e-08
0242141,6.427796760597204e-08
0242132,6.049274955396455e-08
0232324,5.686917989462192e-08
0232441,5.4240162472649434e-08
0232320,5.245335297020531e-08
0232044,5.002847575103188e-08
0232122,4.896831421763954e-08
0242042,4.083809057764835e-08
0232121,3.8456257225952977e-08
0242324,3.381357558811722e-08
0240040,3.2581011045477556e-08
0242441,3.225040060502325e-08
0232103,3.187588128190871e-08
0232210,3.18758812819087e-08
0242320,3.1187990028953477e-08
0242044,2.974619379953082e-08
0242122,2.9115837388353428e-08
0232131,2.7903364008147023e-08
0232123,2.7870409058971644e-08
0232422,2.626250311762416e-08
0242121,2.286552334595584e-08
0232421,2.0624716031676994e-08
0241221,2.0118966551414785e-08
0232400,1.8974754535343928e-08
0242103,1.8952928865176087e-08
0242210,1.8952928865176087e-08
0232040,1.7501386498093714e-08
0242131,1.6590928685811e-08
0242123,1.6571334159091817e-08
0242422,1.5615297001758404e-08
0232423,1.4947353538608026e-08
0241232,1.4580821642031324e-08
0232130,1.2988657549161327e-08
0242421,1.2263151953533201e-08
0232124,1.2251265281879735e-08
0232120,1.1299968512871604e-08
0242400,1.1282109183492868e-08
0242040,1.0406066279603778e-08
0244122,1.0244912935925604e-08
0241214,1.0234783709573816e-08
0242423,8.88747595194057e-09
0244121,8.045631413211429e-09
0242130,7.722864205894245e-09
0242124,7.284421639744675e-09
0242120,6.7187946117975e-09
0232424,6.570552770720164e-09
0232420,6.060356845844687e-09
0241213,6.021921421026109e-09
0241204,5.9117476567396344e-09
0244123,5.8309116590936806e-09
0241223,5.4995399515785115e-09
0242424,3.906753766805599e-09
0242420,3.6033987948771615e-09
0241212,3.1411304734006207e-09
0241241,3.0684457591192733e-09
0232412,2.833301606621363e-09
0244124,2.56315023649667e-09
0244120,2.364124545487587e-09
0241242,1.6846393462495764e-09
0242412,1.6846393462495764e-09
0241244,1.2270801050449246e-09
0241210,7.211309474142418e-10
0241240,4.292675893102682e-10
